"Family ID","Father Alive","Mother Alive","Father's Education","Mother's Education","Father's Job","Mother's Job","Marital Status","Family Income","Number of Family Members",Gender,"School Type",Stage,Grade,"Tutoring Support","Social Activities","Chronic Disease","First Semester Average","Second Semester Average","Difference (Semester 2 - Semester 1)","Daily Smart Device Usage","Other Influencing Factors","Additional Suggestions","Response Language","Submission Date"
1,Yes,Yes,Master's,Bachelor's,Employed,Employed,Married,"More than 1000 BHD",3,Male,Private,Primary,Fourth,No,Yes,Yes,100.00,100.00,0.00,"1 - 3 hours","تشجيع الوالدين والمعلمين",,Arabic,"2026-07-09 11:41:54"
2,Yes,Yes,Master's,Bachelor's,Employed,Unemployed,Married,"700 – 1000 BHD",2,Female,Government,Primary,Fourth,Yes,Yes,No,99.00,100.00,1.00,"Less than an hour",,,Arabic,"2026-07-09 13:47:39"
3,Yes,Yes,Bachelor's,Bachelor's,Employed,Employed,Married,"700 – 1000 BHD",2,Male,Government,Primary,First,Yes,Yes,No,90.00,92.00,2.00,"Less than an hour",لا,,Arabic,"2026-07-10 16:43:18"
4,Yes,Yes,Bachelor's,Bachelor's,Unemployed,Unemployed,Married,"More than 1000 BHD",2,Female,Private,Primary,Sixth,No,Yes,No,93.00,95.00,2.00,"3 - 5 hours","رغبة الطالب في تحصيل العلوم.",,Arabic,"2026-07-11 14:59:17"
4,Yes,Yes,Bachelor's,Bachelor's,Unemployed,Unemployed,Married,"More than 1000 BHD",2,Female,Government,Secondary,Second,Yes,Yes,No,95.00,96.00,1.00,"1 - 3 hours","رغبة الطالب في تحصيل العلوم.",,Arabic,"2026-07-11 14:59:17"
5,Yes,Yes,Bachelor's,Bachelor's,Employed,Employed,Married,"700 – 1000 BHD",2,Female,Government,Primary,Fourth,No,Yes,No,99.80,99.90,0.10,"1 - 3 hours",,,Arabic,"2026-07-11 15:00:17"
6,Yes,Yes,Bachelor's,Bachelor's,Employed,Employed,Married,"More than 1000 BHD",1,Female,Private,Primary,Third,No,Yes,No,97.00,99.00,2.00,"3 - 5 hours",لا,لا,Arabic,"2026-07-11 15:02:10"
7,Yes,Yes,Bachelor's,Bachelor's,Employed,Employed,Married,"700 – 1000 BHD",2,Female,Government,Primary,Fourth,No,Yes,No,99.80,99.80,0.00,"1 - 3 hours",,,Arabic,"2026-07-11 15:13:37"
8,Yes,Yes,Bachelor's,Secondary,Employed,Employed,Married,"More than 1000 BHD",2,Male,Government,Intermediate,First,No,Yes,No,99.00,99.00,0.00,"3 - 5 hours","نعم المستوى التعليمي للوالدين، والمستوى المعيشي، والبيئة العائلية القريبة",,Arabic,"2026-07-11 15:15:19"
8,Yes,Yes,Bachelor's,Secondary,Employed,Employed,Married,"More than 1000 BHD",2,Female,Government,Intermediate,First,No,No,No,98.00,98.00,0.00,"3 - 5 hours","نعم المستوى التعليمي للوالدين، والمستوى المعيشي، والبيئة العائلية القريبة",,Arabic,"2026-07-11 15:15:19"
9,Yes,Yes,Diploma,Bachelor's,Employed,Employed,Married,"More than 1000 BHD",3,Female,Government,Intermediate,Third,Yes,No,No,98.00,98.00,0.00,"More than 5 hours","الحرب و تحويلهم عن بعد",,Arabic,"2026-07-11 15:21:36"
9,Yes,Yes,Diploma,Bachelor's,Employed,Employed,Married,"More than 1000 BHD",3,Male,Government,Primary,Sixth,Yes,No,No,97.00,91.00,-6.00,"More than 5 hours","الحرب و تحويلهم عن بعد",,Arabic,"2026-07-11 15:21:36"
10,Yes,Yes,Master's,Bachelor's,Employed,Employed,Married,"More than 1000 BHD",3,Female,Government,Intermediate,Third,Yes,Yes,No,99.00,99.00,0.00,"3 - 5 hours",لا,لايوجد,Arabic,"2026-07-11 15:26:16"
10,Yes,Yes,Master's,Bachelor's,Employed,Employed,Married,"More than 1000 BHD",3,Male,Government,Intermediate,Second,Yes,Yes,No,99.00,99.00,0.00,"3 - 5 hours",لا,لايوجد,Arabic,"2026-07-11 15:26:16"
10,Yes,Yes,Master's,Bachelor's,Employed,Employed,Married,"More than 1000 BHD",3,Female,Government,Primary,Fifth,Yes,Yes,No,98.00,98.00,0.00,"1 - 3 hours",لا,لايوجد,Arabic,"2026-07-11 15:26:16"
11,Yes,Yes,Secondary,Secondary,Employed,Unemployed,Married,"300 – 700 BHD",4,Male,Government,Primary,Fifth,Yes,Yes,No,96.50,95.00,-1.50,"1 - 3 hours",ا,"لا يوجد",Arabic,"2026-07-11 15:38:01"
11,Yes,Yes,Secondary,Secondary,Employed,Unemployed,Married,"300 – 700 BHD",4,Male,Government,Primary,Third,Yes,Yes,No,98.50,98.00,-0.50,"1 - 3 hours",ا,"لا يوجد",Arabic,"2026-07-11 15:38:01"
11,Yes,Yes,Secondary,Secondary,Employed,Unemployed,Married,"300 – 700 BHD",4,Female,Government,Primary,First,Yes,Yes,No,99.50,99.00,-0.50,"1 - 3 hours",ا,"لا يوجد",Arabic,"2026-07-11 15:38:01"
12,Yes,Yes,Bachelor's,Bachelor's,Employed,Unemployed,Married,"700 – 1000 BHD",4,Male,Government,Primary,Sixth,Yes,Yes,Yes,99.00,99.00,0.00,"1 - 3 hours",لا,,Arabic,"2026-07-11 15:40:01"
12,Yes,Yes,Bachelor's,Bachelor's,Employed,Unemployed,Married,"700 – 1000 BHD",4,Female,Government,Secondary,First,No,Yes,No,98.00,98.60,0.60,"3 - 5 hours",لا,,Arabic,"2026-07-11 15:40:01"
12,Yes,Yes,Bachelor's,Bachelor's,Employed,Unemployed,Married,"700 – 1000 BHD",4,Female,Government,Primary,Third,No,No,No,100.00,100.00,0.00,"1 - 3 hours",لا,,Arabic,"2026-07-11 15:40:01"
13,Yes,Yes,Bachelor's,Bachelor's,Employed,Employed,Married,"700 – 1000 BHD",3,Male,Government,Secondary,Third,Yes,Yes,No,95.00,98.00,3.00,"More than 5 hours",,,Arabic,"2026-07-11 15:53:39"
13,Yes,Yes,Bachelor's,Bachelor's,Employed,Employed,Married,"700 – 1000 BHD",3,Female,Government,Intermediate,Second,Yes,Yes,No,99.00,99.00,0.00,"More than 5 hours",,,Arabic,"2026-07-11 15:53:39"
13,Yes,Yes,Bachelor's,Bachelor's,Employed,Employed,Married,"700 – 1000 BHD",3,Female,Government,Primary,Second,Yes,Yes,No,100.00,99.00,-1.00,"1 - 3 hours",,,Arabic,"2026-07-11 15:53:39"
14,Yes,Yes,Diploma,Diploma,Unemployed,Self-employed,Married,"700 – 1000 BHD",4,Female,Government,Primary,Second,No,Yes,No,97.00,97.00,0.00,"Less than an hour",,,Arabic,"2026-07-11 15:53:42"
14,Yes,Yes,Diploma,Diploma,Unemployed,Self-employed,Married,"700 – 1000 BHD",4,Female,Government,Primary,Fifth,No,Yes,No,95.00,98.50,3.50,"Less than an hour",,,Arabic,"2026-07-11 15:53:42"
14,Yes,Yes,Diploma,Diploma,Unemployed,Self-employed,Married,"700 – 1000 BHD",4,Female,Government,Intermediate,Second,No,Yes,No,97.00,98.25,1.25,"Less than an hour",,,Arabic,"2026-07-11 15:53:42"
15,Yes,Yes,Master's,Bachelor's,Self-employed,Employed,Married,"More than 1000 BHD",3,Female,Private,Intermediate,First,No,No,No,99.00,99.50,0.50,"1 - 3 hours",لا,,Arabic,"2026-07-11 16:22:14"
15,Yes,Yes,Master's,Bachelor's,Self-employed,Employed,Married,"More than 1000 BHD",3,Male,Private,Primary,Third,No,No,Yes,95.00,95.00,0.00,"1 - 3 hours",لا,,Arabic,"2026-07-11 16:22:14"
16,Yes,Yes,Secondary,Secondary,Self-employed,Unemployed,Married,"700 – 1000 BHD",1,Male,Private,Primary,Third,No,Yes,No,95.00,95.00,0.00,"1 - 3 hours",,,Arabic,"2026-07-11 16:34:59"
17,Yes,Yes,Bachelor's,Secondary,Employed,Unemployed,Married,"More than 1000 BHD",4,Male,Private,Primary,Sixth,No,No,No,95.00,95.00,0.00,"3 - 5 hours",,,Arabic,"2026-07-11 17:03:42"
18,Yes,Yes,Bachelor's,Bachelor's,Employed,Retired,Married,"More than 1000 BHD",4,Female,Private,Secondary,First,No,No,No,80.00,94.00,14.00,"3 - 5 hours","الانشغالات الاخرى في العالم الافتراضي",,Arabic,"2026-07-11 17:14:08"
19,Yes,Yes,Bachelor's,Bachelor's,Retired,Employed,Married,"700 – 1000 BHD",4,Male,Government,Intermediate,Third,No,Yes,No,96.00,97.00,1.00,"3 - 5 hours",,,Arabic,"2026-07-11 17:14:14"
19,Yes,Yes,Bachelor's,Bachelor's,Retired,Employed,Married,"700 – 1000 BHD",4,Male,Government,Primary,Fifth,No,Yes,No,98.00,98.00,0.00,"3 - 5 hours",,,Arabic,"2026-07-11 17:14:14"
20,Yes,Yes,Bachelor's,Bachelor's,Employed,Employed,Married,"700 – 1000 BHD",3,Female,Government,Primary,Sixth,Yes,No,No,98.00,99.00,1.00,"1 - 3 hours",,,Arabic,"2026-07-11 17:17:22"
20,Yes,Yes,Bachelor's,Bachelor's,Employed,Employed,Married,"700 – 1000 BHD",3,Male,Government,Primary,Third,Yes,Yes,No,100.00,99.00,-1.00,"1 - 3 hours",,,Arabic,"2026-07-11 17:17:22"
21,Yes,Yes,Bachelor's,Bachelor's,Employed,Unemployed,Married,"More than 1000 BHD",2,Male,Government,Primary,First,No,No,No,98.00,99.00,1.00,"3 - 5 hours","نادرا جدا ما يأكل الطعام الصحي او لا يأكل الطعام الصحي بتاتا","لا يوجد",Arabic,"2026-07-11 17:43:43"
22,Yes,Yes,Bachelor's,Bachelor's,Employed,Unemployed,Married,"300 – 700 BHD",2,Male,Government,Primary,Fourth,No,No,Yes,90.00,96.00,6.00,"3 - 5 hours",لا,"لا يوجد",Arabic,"2026-07-11 17:51:12"
23,Yes,Yes,Bachelor's,Diploma,Employed,Employed,Married,"More than 1000 BHD",4,Female,Government,Secondary,First,Yes,Yes,No,99.20,99.60,0.40,"1 - 3 hours",,,Arabic,"2026-07-11 17:53:41"
23,Yes,Yes,Bachelor's,Diploma,Employed,Employed,Married,"More than 1000 BHD",4,Male,Government,Intermediate,First,Yes,Yes,No,100.00,100.00,0.00,"1 - 3 hours",,,Arabic,"2026-07-11 17:53:41"
23,Yes,Yes,Bachelor's,Diploma,Employed,Employed,Married,"More than 1000 BHD",4,Female,Government,Primary,Fourth,Yes,No,No,100.00,100.00,0.00,"1 - 3 hours",,,Arabic,"2026-07-11 17:53:41"
24,Yes,Yes,Bachelor's,Bachelor's,Employed,Unemployed,Married,"More than 1000 BHD",3,Male,Government,Intermediate,First,Yes,No,No,99.40,100.00,0.60,"3 - 5 hours",,,Arabic,"2026-07-11 17:57:31"
24,Yes,Yes,Bachelor's,Bachelor's,Employed,Unemployed,Married,"More than 1000 BHD",3,Male,Government,Primary,Fifth,Yes,No,No,99.60,100.00,0.40,"3 - 5 hours",,,Arabic,"2026-07-11 17:57:31"
25,Yes,Yes,Diploma,Secondary,Employed,Unemployed,Married,"700 – 1000 BHD",4,Male,Government,Secondary,Second,Yes,Yes,No,88.00,90.00,2.00,"More than 5 hours",لا,لا,Arabic,"2026-07-11 18:03:11"
25,Yes,Yes,Diploma,Secondary,Employed,Unemployed,Married,"700 – 1000 BHD",4,Male,Government,Intermediate,Second,No,No,No,90.00,91.00,1.00,"More than 5 hours",لا,لا,Arabic,"2026-07-11 18:03:11"
26,Yes,Yes,Bachelor's,Bachelor's,Employed,Employed,Married,"More than 1000 BHD",3,Female,Government,Primary,Fifth,Yes,Yes,No,100.00,100.00,0.00,"Less than an hour","الجانب النفسي والمعنوي","الجانب النفسي والمعنوي",Arabic,"2026-07-11 18:08:56"
27,Yes,Yes,Bachelor's,Bachelor's,Employed,Employed,Married,"More than 1000 BHD",1,Male,Private,Primary,Fifth,Yes,No,No,90.00,90.00,0.00,"More than 5 hours","عمل الابوين الى ساعات طويلة  تؤثر على متابع الطفل تعليميا",,Arabic,"2026-07-11 18:27:00"
28,Yes,Yes,Bachelor's,Diploma,Employed,Employed,Married,"700 – 1000 BHD",2,Male,Government,Primary,First,Yes,No,No,99.00,99.00,0.00,"3 - 5 hours","الدوام عن بعد - الحرب",,Arabic,"2026-07-11 18:41:35"
29,Yes,Yes,Bachelor's,Bachelor's,Retired,Retired,Married,"More than 1000 BHD",4,Female,Government,Secondary,Second,Yes,Yes,Yes,95.00,96.00,1.00,"More than 5 hours",لا,لا,Arabic,"2026-07-11 18:46:34"
29,Yes,Yes,Bachelor's,Bachelor's,Retired,Retired,Married,"More than 1000 BHD",4,Female,Government,Secondary,Third,Yes,Yes,No,94.00,96.00,2.00,"More than 5 hours",لا,لا,Arabic,"2026-07-11 18:46:34"
30,Yes,Yes,Master's,Bachelor's,Unemployed,Unemployed,Married,"300 – 700 BHD",2,Male,Government,Primary,Third,No,Yes,Yes,100.00,99.00,-1.00,"1 - 3 hours","الطفل الأول يعاني من حساسية الغلوتين مما يعرضه لنوبات ألم المعدة

الطفلة الثانية نعاني من شحمية مما يؤثر على نومها بعض الأحيان",,Arabic,"2026-07-11 18:48:51"
30,Yes,Yes,Master's,Bachelor's,Unemployed,Unemployed,Married,"300 – 700 BHD",2,Female,Government,Primary,Second,No,Yes,No,100.00,100.00,0.00,"1 - 3 hours","الطفل الأول يعاني من حساسية الغلوتين مما يعرضه لنوبات ألم المعدة

الطفلة الثانية نعاني من شحمية مما يؤثر على نومها بعض الأحيان",,Arabic,"2026-07-11 18:48:51"
31,Yes,Yes,Intermediate,Secondary,Employed,Unemployed,Married,"300 – 700 BHD",2,Male,Government,Primary,Second,No,Yes,Yes,99.60,99.40,-0.20,"Less than an hour","السكن في منزل العائلة",,Arabic,"2026-07-11 18:50:56"
32,Yes,Yes,Diploma,Master's,Employed,Employed,Married,"More than 1000 BHD",4,Male,Government,Intermediate,Third,Yes,Yes,No,89.00,92.00,3.00,"More than 5 hours",,,Arabic,"2026-07-11 18:51:47"
32,Yes,Yes,Diploma,Master's,Employed,Employed,Married,"More than 1000 BHD",4,Male,Government,Primary,Third,Yes,Yes,No,92.00,98.00,6.00,"3 - 5 hours",,,Arabic,"2026-07-11 18:51:47"
32,Yes,Yes,Diploma,Master's,Employed,Employed,Married,"More than 1000 BHD",4,Male,Government,Secondary,Third,Yes,Yes,Yes,78.00,80.10,2.10,"3 - 5 hours",,,Arabic,"2026-07-11 18:51:47"
33,Yes,No,Bachelor's,Primary,Employed,Unemployed,Widower,"700 – 1000 BHD",3,Male,Government,Secondary,Third,Yes,Yes,No,93.00,88.00,-5.00,"3 - 5 hours",,,Arabic,"2026-07-11 19:09:49"
33,Yes,No,Bachelor's,Primary,Employed,Unemployed,Widower,"700 – 1000 BHD",3,Male,Government,Secondary,Second,Yes,No,No,88.00,91.00,3.00,"3 - 5 hours",,,Arabic,"2026-07-11 19:09:49"
34,Yes,Yes,Bachelor's,Bachelor's,Retired,Retired,Married,"700 – 1000 BHD",6,Female,Government,Secondary,Third,Yes,No,No,95.00,95.00,0.00,"3 - 5 hours",,,Arabic,"2026-07-11 19:37:00"
34,Yes,Yes,Bachelor's,Bachelor's,Retired,Retired,Married,"700 – 1000 BHD",6,Female,Government,Primary,Sixth,Yes,Yes,No,97.00,98.00,1.00,"3 - 5 hours",,,Arabic,"2026-07-11 19:37:00"
34,Yes,Yes,Bachelor's,Bachelor's,Retired,Retired,Married,"700 – 1000 BHD",6,Male,Government,Intermediate,Third,Yes,No,No,95.00,96.00,1.00,"3 - 5 hours",,,Arabic,"2026-07-11 19:37:00"
35,Yes,Yes,Secondary,Diploma,Employed,Employed,Married,"More than 1000 BHD",4,Male,Government,Primary,Sixth,No,Yes,No,95.00,95.00,0.00,"Less than an hour",,,Arabic,"2026-07-11 19:46:55"
35,Yes,Yes,Secondary,Diploma,Employed,Employed,Married,"More than 1000 BHD",4,Male,Government,Primary,Fifth,No,Yes,No,99.00,99.00,0.00,"Less than an hour",,,Arabic,"2026-07-11 19:46:55"
36,Yes,Yes,Secondary,Secondary,Employed,Unemployed,Married,"700 – 1000 BHD",1,Male,Government,Primary,Second,Yes,Yes,Yes,95.00,93.00,-2.00,"More than 5 hours",,,Arabic,"2026-07-11 19:57:18"
37,Yes,Yes,Secondary,Secondary,Employed,Unemployed,Married,"700 – 1000 BHD",1,Male,Government,Primary,Second,Yes,Yes,Yes,96.00,93.00,-3.00,"More than 5 hours",,,Arabic,"2026-07-11 19:59:14"
38,Yes,Yes,PhD,Master's,Employed,Unemployed,Married,"More than 1000 BHD",2,Female,Government,Secondary,Third,Yes,Yes,No,99.00,99.00,0.00,"Less than an hour","عدم كفاية الراتب لمتطلبات الابناء
عدم تفاهم الوالدين في الاسرة
انشغال الاب بالدراسة وبالعمل الاجتماعي
ضعف ثقافة الام في التربية","دراسة قيمة جدا وفقكم الله..
حبذا وضع ايميلكم ليتواصل معكم من تفاعلوا 
وحبذا لو ترسلون لهم النتائج بعد اكمال الدراسة ..",Arabic,"2026-07-11 20:00:19"
38,Yes,Yes,PhD,Master's,Employed,Unemployed,Married,"More than 1000 BHD",2,Female,Government,Intermediate,First,Yes,Yes,Yes,100.00,100.00,0.00,"Less than an hour","عدم كفاية الراتب لمتطلبات الابناء
عدم تفاهم الوالدين في الاسرة
انشغال الاب بالدراسة وبالعمل الاجتماعي
ضعف ثقافة الام في التربية","دراسة قيمة جدا وفقكم الله..
حبذا وضع ايميلكم ليتواصل معكم من تفاعلوا 
وحبذا لو ترسلون لهم النتائج بعد اكمال الدراسة ..",Arabic,"2026-07-11 20:00:19"
39,Yes,Yes,Master's,Bachelor's,Retired,Retired,Married,"More than 1000 BHD",4,Female,Government,Intermediate,First,No,No,No,98.70,99.40,0.70,"More than 5 hours",,,Arabic,"2026-07-11 20:07:11"
39,Yes,Yes,Master's,Bachelor's,Retired,Retired,Married,"More than 1000 BHD",4,Male,Private,Primary,Fourth,No,No,No,95.00,95.00,0.00,"More than 5 hours",,,Arabic,"2026-07-11 20:07:11"
40,Yes,Yes,Bachelor's,Secondary,Employed,Unemployed,Married,"700 – 1000 BHD",4,Male,Private,Secondary,First,Yes,Yes,Yes,96.00,96.00,0.00,"3 - 5 hours","اهتمام الوالدين ومتابعة دروسهم",,Arabic,"2026-07-11 20:07:34"
40,Yes,Yes,Bachelor's,Secondary,Employed,Unemployed,Married,"700 – 1000 BHD",4,Male,Private,Intermediate,First,Yes,Yes,No,96.00,96.00,0.00,"3 - 5 hours","اهتمام الوالدين ومتابعة دروسهم",,Arabic,"2026-07-11 20:07:34"
40,Yes,Yes,Bachelor's,Secondary,Employed,Unemployed,Married,"700 – 1000 BHD",4,Female,Government,Primary,Third,Yes,No,No,94.00,96.00,2.00,"3 - 5 hours","اهتمام الوالدين ومتابعة دروسهم",,Arabic,"2026-07-11 20:07:34"
41,Yes,Yes,Bachelor's,Bachelor's,Employed,Employed,Married,"More than 1000 BHD",3,Male,Government,Intermediate,Third,Yes,Yes,No,99.00,99.10,0.10,"More than 5 hours",,,Arabic,"2026-07-11 20:11:40"
41,Yes,Yes,Bachelor's,Bachelor's,Employed,Employed,Married,"More than 1000 BHD",3,Male,Government,Primary,Sixth,Yes,Yes,Yes,99.10,99.30,0.20,"More than 5 hours",,,Arabic,"2026-07-11 20:11:40"
42,Yes,Yes,Bachelor's,Diploma,Employed,Employed,Married,"More than 1000 BHD",3,Male,Government,Primary,Fifth,Yes,Yes,No,95.00,99.00,4.00,"1 - 3 hours","المقارنات وعدممراعاة مستوى الطالب",,Arabic,"2026-07-11 20:33:27"
42,Yes,Yes,Bachelor's,Diploma,Employed,Employed,Married,"More than 1000 BHD",3,Female,Private,Primary,First,Yes,Yes,No,90.00,97.00,7.00,"1 - 3 hours","المقارنات وعدممراعاة مستوى الطالب",,Arabic,"2026-07-11 20:33:27"
43,Yes,Yes,Bachelor's,Bachelor's,Retired,Employed,Married,"700 – 1000 BHD",5,Female,Government,Secondary,First,No,No,No,90.00,92.00,2.00,"3 - 5 hours",,,Arabic,"2026-07-11 20:33:50"
43,Yes,Yes,Bachelor's,Bachelor's,Retired,Employed,Married,"700 – 1000 BHD",5,Female,Government,Intermediate,Second,No,No,No,89.00,94.00,5.00,"3 - 5 hours",,,Arabic,"2026-07-11 20:33:50"
44,Yes,Yes,Bachelor's,Bachelor's,Employed,Employed,Married,"More than 1000 BHD",2,Female,Government,Primary,Fourth,No,Yes,No,93.00,95.00,2.00,"3 - 5 hours",لا,لا,Arabic,"2026-07-11 20:36:48"
45,Yes,Yes,Bachelor's,Bachelor's,Employed,Employed,Married,"More than 1000 BHD",4,Male,Government,Primary,Fifth,No,Yes,No,90.00,90.00,0.00,"3 - 5 hours",لا,لا,Arabic,"2026-07-11 20:39:10"
45,Yes,Yes,Bachelor's,Bachelor's,Employed,Employed,Married,"More than 1000 BHD",4,Female,Government,Intermediate,Third,Yes,No,No,90.00,90.00,0.00,"3 - 5 hours",لا,لا,Arabic,"2026-07-11 20:39:10"
45,Yes,Yes,Bachelor's,Bachelor's,Employed,Employed,Married,"More than 1000 BHD",4,Female,Government,Secondary,Third,No,Yes,No,92.00,92.00,0.00,"3 - 5 hours",لا,لا,Arabic,"2026-07-11 20:39:10"
46,Yes,Yes,Bachelor's,Bachelor's,Employed,Unemployed,Married,"300 – 700 BHD",2,Male,Government,Primary,First,No,Yes,No,100.00,98.25,-1.75,"1 - 3 hours","نعم التعلم أون لاين",,Arabic,"2026-07-11 20:39:24"
47,Yes,Yes,Diploma,Secondary,Employed,Unemployed,Married,"300 – 700 BHD",4,Female,Government,Primary,Fourth,Yes,No,No,92.00,95.30,3.30,"1 - 3 hours","لا يوجد","لا يوجد",Arabic,"2026-07-11 20:41:52"
47,Yes,Yes,Diploma,Secondary,Employed,Unemployed,Married,"300 – 700 BHD",4,Female,Government,Primary,Third,Yes,No,No,98.00,98.00,0.00,"1 - 3 hours","لا يوجد","لا يوجد",Arabic,"2026-07-11 20:41:52"
47,Yes,Yes,Diploma,Secondary,Employed,Unemployed,Married,"300 – 700 BHD",4,Female,Government,Primary,Second,No,No,No,98.00,98.00,0.00,"1 - 3 hours","لا يوجد","لا يوجد",Arabic,"2026-07-11 20:41:52"
48,Yes,Yes,Diploma,Diploma,Retired,Unemployed,Married,"300 – 700 BHD",4,Male,Government,Secondary,First,No,No,No,90.30,95.40,5.10,"3 - 5 hours",,,Arabic,"2026-07-11 20:45:30"
48,Yes,Yes,Diploma,Diploma,Retired,Unemployed,Married,"300 – 700 BHD",4,Female,Government,Intermediate,Second,No,No,No,95.00,98.00,3.00,"3 - 5 hours",,,Arabic,"2026-07-11 20:45:30"
48,Yes,Yes,Diploma,Diploma,Retired,Unemployed,Married,"300 – 700 BHD",4,Male,Government,Primary,Fifth,Yes,Yes,No,95.00,98.00,3.00,"3 - 5 hours",,,Arabic,"2026-07-11 20:45:30"
48,Yes,Yes,Diploma,Diploma,Retired,Unemployed,Married,"300 – 700 BHD",4,Female,Government,Primary,First,Yes,No,No,100.00,100.00,0.00,"1 - 3 hours",,,Arabic,"2026-07-11 20:45:30"
49,Yes,Yes,Bachelor's,Bachelor's,Employed,Employed,Married,"More than 1000 BHD",4,Female,Government,Primary,First,Yes,Yes,Yes,88.00,88.00,0.00,"1 - 3 hours","لا يوجد","لا يوجد",Arabic,"2026-07-11 20:57:01"
49,Yes,Yes,Bachelor's,Bachelor's,Employed,Employed,Married,"More than 1000 BHD",4,Female,Government,Primary,Sixth,Yes,Yes,Yes,99.00,99.00,0.00,"3 - 5 hours","لا يوجد","لا يوجد",Arabic,"2026-07-11 20:57:01"
49,Yes,Yes,Bachelor's,Bachelor's,Employed,Employed,Married,"More than 1000 BHD",4,Female,Government,Intermediate,Third,Yes,Yes,Yes,99.00,99.00,0.00,"1 - 3 hours","لا يوجد","لا يوجد",Arabic,"2026-07-11 20:57:01"
50,Yes,Yes,Intermediate,Primary,Retired,Unemployed,Married,"700 – 1000 BHD",9,Male,Government,Intermediate,Third,No,Yes,No,95.00,98.00,3.00,"3 - 5 hours",,,Arabic,"2026-07-11 21:33:04"
50,Yes,Yes,Intermediate,Primary,Retired,Unemployed,Married,"700 – 1000 BHD",9,Male,Government,Intermediate,First,Yes,Yes,No,92.00,96.00,4.00,"3 - 5 hours",,,Arabic,"2026-07-11 21:33:04"
50,Yes,Yes,Intermediate,Primary,Retired,Unemployed,Married,"700 – 1000 BHD",9,Male,Government,Primary,Fourth,No,Yes,Yes,98.00,99.00,1.00,"1 - 3 hours",,,Arabic,"2026-07-11 21:33:04"
50,Yes,Yes,Intermediate,Primary,Retired,Unemployed,Married,"700 – 1000 BHD",9,Male,Government,Intermediate,Second,Yes,Yes,Yes,98.00,99.00,1.00,"1 - 3 hours",,,Arabic,"2026-07-11 21:33:04"
50,Yes,Yes,Intermediate,Primary,Retired,Unemployed,Married,"700 – 1000 BHD",9,Male,Government,Secondary,Second,Yes,No,Yes,93.00,96.00,3.00,"3 - 5 hours",,,Arabic,"2026-07-11 21:33:04"
50,Yes,Yes,Intermediate,Primary,Retired,Unemployed,Married,"700 – 1000 BHD",9,Male,Government,Secondary,First,Yes,Yes,Yes,99.00,99.00,0.00,"3 - 5 hours",,,Arabic,"2026-07-11 21:33:04"
50,Yes,Yes,Intermediate,Primary,Retired,Unemployed,Married,"700 – 1000 BHD",9,Male,Government,Secondary,Third,Yes,Yes,Yes,99.00,99.00,0.00,"Less than an hour",,,Arabic,"2026-07-11 21:33:04"
51,Yes,No,Secondary,Secondary,Retired,Unemployed,Widower,"300 – 700 BHD",4,Male,Government,Primary,Third,No,Yes,Yes,90.00,88.00,-2.00,"1 - 3 hours",,,Arabic,"2026-07-11 22:31:37"
51,Yes,No,Secondary,Secondary,Retired,Unemployed,Widower,"300 – 700 BHD",4,Male,Government,Primary,Second,No,Yes,No,80.00,79.00,-1.00,"1 - 3 hours",,,Arabic,"2026-07-11 22:31:37"
51,Yes,No,Secondary,Secondary,Retired,Unemployed,Widower,"300 – 700 BHD",4,Female,Government,Primary,First,No,Yes,No,75.00,77.00,2.00,"1 - 3 hours",,,Arabic,"2026-07-11 22:31:37"
52,Yes,Yes,Master's,Master's,Employed,Unemployed,Married,"More than 1000 BHD",2,Female,Government,Secondary,Second,No,No,No,96.00,97.00,1.00,"More than 5 hours",,,Arabic,"2026-07-12 01:19:39"
53,Yes,Yes,Bachelor's,Bachelor's,Employed,Unemployed,Married,"300 – 700 BHD",1,Male,Government,Primary,Third,No,Yes,No,95.00,99.00,4.00,"1 - 3 hours",لا,لا,Arabic,"2026-07-12 03:01:42"
54,Yes,Yes,Master's,Bachelor's,Employed,Employed,Married,"More than 1000 BHD",3,Male,Private,Primary,Third,No,Yes,No,95.00,98.00,3.00,"1 - 3 hours",,,Arabic,"2026-07-12 03:23:12"
55,Yes,Yes,Bachelor's,Bachelor's,Employed,Unemployed,Married,"700 – 1000 BHD",3,Male,Government,Primary,Second,Yes,Yes,No,100.00,99.00,-1.00,"1 - 3 hours",,,Arabic,"2026-07-12 04:07:23"
55,Yes,Yes,Bachelor's,Bachelor's,Employed,Unemployed,Married,"700 – 1000 BHD",3,Female,Private,Primary,First,Yes,Yes,No,100.00,100.00,0.00,"1 - 3 hours",,,Arabic,"2026-07-12 04:07:23"
56,Yes,Yes,Secondary,Bachelor's,Employed,Unemployed,Married,"300 – 700 BHD",3,Female,Government,Primary,Fourth,No,No,No,92.00,95.00,3.00,"1 - 3 hours",الأصدقاء,لا,Arabic,"2026-07-12 04:46:24"
56,Yes,Yes,Secondary,Bachelor's,Employed,Unemployed,Married,"300 – 700 BHD",3,Female,Government,Intermediate,First,No,No,No,95.00,95.00,0.00,"3 - 5 hours",الأصدقاء,لا,Arabic,"2026-07-12 04:46:24"
56,Yes,Yes,Secondary,Bachelor's,Employed,Unemployed,Married,"300 – 700 BHD",3,Female,Government,Secondary,Third,No,No,No,95.00,96.00,1.00,"3 - 5 hours",الأصدقاء,لا,Arabic,"2026-07-12 04:46:24"
57,Yes,Yes,Bachelor's,Bachelor's,Employed,Employed,Married,"More than 1000 BHD",2,Male,Government,Primary,Third,Yes,Yes,No,88.00,94.80,6.80,"1 - 3 hours",,,Arabic,"2026-07-12 05:59:53"
57,Yes,Yes,Bachelor's,Bachelor's,Employed,Employed,Married,"More than 1000 BHD",2,Male,Government,Intermediate,First,Yes,Yes,No,82.00,88.00,6.00,"1 - 3 hours",,,Arabic,"2026-07-12 05:59:53"
58,Yes,Yes,Bachelor's,Bachelor's,Employed,Employed,Married,"700 – 1000 BHD",3,Female,Government,Primary,Second,No,Yes,No,98.00,98.00,0.00,"1 - 3 hours","الإهتمام و المتابعة و الإستفادة من ما تم تعلمه في الحياة و المجتمع",,Arabic,"2026-07-12 07:22:53"
59,Yes,Yes,Diploma,Bachelor's,Self-employed,Employed,Married,"700 – 1000 BHD",3,Male,Private,Primary,Fourth,Yes,Yes,No,95.00,99.00,4.00,"1 - 3 hours","١- الأمن النفسي
٢- الأمن النفسي
٣- الأمن النفسي","بالامكان التعمق في الأسئلة بحيث تبحث بشكل أدق فيما يرتبط بمؤثرات الدعم النفسي سلباً وإيجاباً ،، كل التوفيق 🤲🏻",Arabic,"2026-07-12 12:20:45"
60,Yes,Yes,Bachelor's,Bachelor's,Employed,Employed,Married,"More than 1000 BHD",4,Male,Government,Intermediate,Second,Yes,Yes,No,95.00,98.00,3.00,"3 - 5 hours",نعم,"لا توجد",Arabic,"2026-07-12 12:46:45"
60,Yes,Yes,Bachelor's,Bachelor's,Employed,Employed,Married,"More than 1000 BHD",4,Male,Government,Intermediate,First,No,Yes,No,98.00,95.00,-3.00,"3 - 5 hours",نعم,"لا توجد",Arabic,"2026-07-12 12:46:45"
61,Yes,Yes,Diploma,Diploma,Employed,Retired,Married,"More than 1000 BHD",4,Female,Private,Secondary,Third,No,Yes,No,97.00,97.00,0.00,"3 - 5 hours",لا,لا,Arabic,"2026-07-12 14:08:30"
61,Yes,Yes,Diploma,Diploma,Employed,Retired,Married,"More than 1000 BHD",4,Female,Private,Secondary,Third,No,Yes,No,95.00,95.00,0.00,"3 - 5 hours",لا,لا,Arabic,"2026-07-12 14:08:30"
62,Yes,Yes,Secondary,Bachelor's,Employed,Employed,Married,"More than 1000 BHD",2,Female,Government,Intermediate,Third,Yes,Yes,No,99.00,99.45,0.45,"3 - 5 hours",لا,"لا يوجد",Arabic,"2026-07-12 14:10:37"
63,Yes,Yes,Diploma,Diploma,Retired,Retired,Married,"700 – 1000 BHD",4,Female,Government,Secondary,First,Yes,Yes,No,99.00,99.00,0.00,"1 - 3 hours","الالعاب الالكترونية واليوتيوب","لا يوجد",Arabic,"2026-07-12 14:17:28"
63,Yes,Yes,Diploma,Diploma,Retired,Retired,Married,"700 – 1000 BHD",4,Male,Government,Intermediate,Third,No,Yes,No,99.90,99.00,-0.90,"More than 5 hours","الالعاب الالكترونية واليوتيوب","لا يوجد",Arabic,"2026-07-12 14:17:28"
63,Yes,Yes,Diploma,Diploma,Retired,Retired,Married,"700 – 1000 BHD",4,Female,Government,Intermediate,First,Yes,Yes,No,99.00,99.00,0.00,"1 - 3 hours","الالعاب الالكترونية واليوتيوب","لا يوجد",Arabic,"2026-07-12 14:17:28"
63,Yes,Yes,Diploma,Diploma,Retired,Retired,Married,"700 – 1000 BHD",4,Female,Government,Primary,Third,No,No,No,98.00,99.00,1.00,"3 - 5 hours","الالعاب الالكترونية واليوتيوب","لا يوجد",Arabic,"2026-07-12 14:17:28"
64,Yes,Yes,Intermediate,Diploma,Employed,Unemployed,Married,"300 – 700 BHD",3,Female,Government,Intermediate,Third,No,No,No,99.20,99.62,0.42,"More than 5 hours",,"نريد تخفيف المبلغ لانه عندي طالبين",Arabic,"2026-07-12 14:30:33"
64,Yes,Yes,Intermediate,Diploma,Employed,Unemployed,Married,"300 – 700 BHD",3,Male,Government,Intermediate,First,No,No,Yes,98.60,99.00,0.40,"More than 5 hours",,"نريد تخفيف المبلغ لانه عندي طالبين",Arabic,"2026-07-12 14:30:33"
65,Yes,Yes,Secondary,Secondary,Employed,Retired,Married,"300 – 700 BHD",3,Male,Government,Intermediate,Second,No,Yes,No,99.00,99.00,0.00,"More than 5 hours","لا  للحمدلله  توفير كل شي
والوالدة تساعده  وتتابع  الاداء","ايجاد  انشطة بعيدة عن الاجهزة",Arabic,"2026-07-12 14:44:06"
66,Yes,Yes,Secondary,Secondary,Employed,Unemployed,Married,"700 – 1000 BHD",2,Female,Government,Intermediate,Third,Yes,Yes,Yes,95.70,97.70,2.00,"1 - 3 hours","تعاني الطالبة من صعوبات تعلم، مما يجعل جودة الشرح ووضوحه من أهم العوامل المؤثرة في تحصيلها الدراسي واستفادتها من الدروس","من واقع تجربتنا مع المعهد خلال السنوات الماضية، نقترح عند اختيار معلمي الصف الثالث الإعدادي التركيز على المعلمين المتميزين في تبسيط المعلومة وإيصالها للطلاب، فهذه سنة مهمة لارتباطها بالامتحانات الوزارية والانتقال إلى المرحلة الثانوية. كما نأمل مراعاة احتياجات الطلاب الذين يعانون من صعوبات تعلم، والاستفادة من ملاحظات أولياء الأمور في تقييم المعلمين وتطوير جودة التعليم. ونتمنى أيضًا فتح باب التسجيل من نهاية شهر يوليو أو بداية شهر أغسطس، حتى يتمكن أولياء الأمور من ترتيب جداول أبنائهم مبكرًا وتجنب تعارضها مع أي التزامات أو برامج أخرى",Arabic,"2026-07-12 15:47:20"
67,Yes,Yes,Secondary,Bachelor's,Employed,Employed,Married,"300 – 700 BHD",1,Male,Government,Primary,Fourth,Yes,Yes,Yes,99.60,99.80,0.20,"3 - 5 hours",,,Arabic,"2026-07-12 16:56:33"
68,Yes,Yes,Diploma,Bachelor's,Retired,Retired,Married,"More than 1000 BHD",4,Female,Government,Intermediate,Second,Yes,No,No,98.80,99.20,0.40,"Less than an hour","متابعة الام المستمرة اليومية مع الطالبة",,Arabic,"2026-07-12 17:04:28"
68,Yes,Yes,Diploma,Bachelor's,Retired,Retired,Married,"More than 1000 BHD",4,Female,Government,Primary,Fourth,Yes,No,No,99.90,100.00,0.10,"Less than an hour","متابعة الام المستمرة اليومية مع الطالبة",,Arabic,"2026-07-12 17:04:28"
69,Yes,Yes,Secondary,Diploma,Employed,Retired,Married,"700 – 1000 BHD",3,Male,Government,Intermediate,Second,No,Yes,No,97.60,98.80,1.20,"1 - 3 hours",لا,,Arabic,"2026-07-12 17:14:23"
69,Yes,Yes,Secondary,Diploma,Employed,Retired,Married,"700 – 1000 BHD",3,Male,Government,Primary,Fourth,Yes,Yes,Yes,85.00,92.00,7.00,"1 - 3 hours",لا,,Arabic,"2026-07-12 17:14:23"
70,Yes,Yes,Intermediate,Secondary,Employed,Unemployed,Married,"300 – 700 BHD",2,Female,Government,Primary,Fourth,No,No,No,94.75,97.45,2.70,"More than 5 hours",لا,لا,Arabic,"2026-07-12 17:30:13"
71,Yes,Yes,Secondary,Bachelor's,Employed,Unemployed,Married,"300 – 700 BHD",4,Female,Government,Secondary,Second,Yes,Yes,No,99.30,99.90,0.60,"More than 5 hours",,,Arabic,"2026-07-12 17:46:27"
71,Yes,Yes,Secondary,Bachelor's,Employed,Unemployed,Married,"300 – 700 BHD",4,Female,Government,Intermediate,Second,Yes,Yes,No,99.50,99.60,0.10,"More than 5 hours",,,Arabic,"2026-07-12 17:46:27"
72,Yes,Yes,Secondary,Bachelor's,Employed,Retired,Married,"300 – 700 BHD",3,Male,Government,Intermediate,Third,No,No,No,97.00,98.00,1.00,"More than 5 hours",لا,لا,Arabic,"2026-07-12 18:00:06"
72,Yes,Yes,Secondary,Bachelor's,Employed,Retired,Married,"300 – 700 BHD",3,Female,Government,Primary,Fourth,No,No,No,99.00,99.00,0.00,"More than 5 hours",لا,لا,Arabic,"2026-07-12 18:00:06"
73,No,Yes,Diploma,Bachelor's,Employed,Unemployed,Widow,"300 – 700 BHD",2,Male,Government,Primary,Sixth,No,Yes,No,99.50,99.80,0.30,"1 - 3 hours",,"استخدام الاجهزة الذكية أيام المدرسة في عطلة نهاية الاسبوع وعند الحاجة",Arabic,"2026-07-12 18:12:39"
73,No,Yes,Diploma,Bachelor's,Employed,Unemployed,Widow,"300 – 700 BHD",2,Female,Government,Primary,Fourth,No,Yes,No,99.60,99.90,0.30,"1 - 3 hours",,"استخدام الاجهزة الذكية أيام المدرسة في عطلة نهاية الاسبوع وعند الحاجة",Arabic,"2026-07-12 18:12:39"
74,Yes,No,Bachelor's,Bachelor's,Employed,Employed,Widower,"More than 1000 BHD",3,Female,Government,Primary,Fifth,Yes,Yes,No,97.00,97.00,0.00,"3 - 5 hours","عوامل شخصية الطالب ، خجول وانطوائي صعوبات التعلم  توثر كثيرا ع طالب","بخصوص صعوبات التعليم يحتاج الطالب منهج مخصص لهم من الحكومة 
تنمية مهارة وشخصيته من خلال المدرسة",Arabic,"2026-07-12 19:08:11"
74,Yes,No,Bachelor's,Bachelor's,Employed,Employed,Widower,"More than 1000 BHD",3,Male,Government,Primary,Third,Yes,No,Yes,98.70,98.80,0.10,"3 - 5 hours","عوامل شخصية الطالب ، خجول وانطوائي صعوبات التعلم  توثر كثيرا ع طالب","بخصوص صعوبات التعليم يحتاج الطالب منهج مخصص لهم من الحكومة 
تنمية مهارة وشخصيته من خلال المدرسة",Arabic,"2026-07-12 19:08:11"
75,Yes,Yes,Secondary,Diploma,Employed,Retired,Married,"700 – 1000 BHD",3,Male,Government,Secondary,Second,No,Yes,No,93.00,95.00,2.00,"More than 5 hours",لا,لا,Arabic,"2026-07-12 19:49:49"
75,Yes,Yes,Secondary,Diploma,Employed,Retired,Married,"700 – 1000 BHD",3,Female,Government,Primary,Fifth,No,Yes,No,99.99,100.00,0.01,"3 - 5 hours",لا,لا,Arabic,"2026-07-12 19:49:49"
76,Yes,Yes,Secondary,Bachelor's,Employed,Self-employed,Married,"300 – 700 BHD",3,Male,Private,Primary,Third,No,Yes,No,90.00,91.00,1.00,"3 - 5 hours",,,Arabic,"2026-07-12 19:56:25"
76,Yes,Yes,Secondary,Bachelor's,Employed,Self-employed,Married,"300 – 700 BHD",3,Female,Private,Primary,Third,No,Yes,No,89.00,89.50,0.50,"1 - 3 hours",,,Arabic,"2026-07-12 19:56:25"
77,Yes,Yes,Bachelor's,Master's,Employed,Employed,Married,"More than 1000 BHD",4,Male,Government,Secondary,First,No,Yes,No,99.40,99.70,0.30,"3 - 5 hours",,,Arabic,"2026-07-13 08:38:23"
77,Yes,Yes,Bachelor's,Master's,Employed,Employed,Married,"More than 1000 BHD",4,Male,Government,Intermediate,First,No,Yes,No,97.00,98.00,1.00,"3 - 5 hours",,,Arabic,"2026-07-13 08:38:23"
78,Yes,Yes,Diploma,Diploma,Self-employed,Unemployed,Married,"300 – 700 BHD",4,Female,Government,Intermediate,First,No,No,No,95.00,98.00,3.00,"3 - 5 hours","الطفل نفسه لايتقبل او الصعوبه في الدراسة وبالاخص الاونلاين مع عدم توفر المكان المخصص المناسب لجو الدراسة",.,Arabic,"2026-07-13 11:55:58"
78,Yes,Yes,Diploma,Diploma,Self-employed,Unemployed,Married,"300 – 700 BHD",4,Male,Government,Primary,Fifth,No,No,No,96.00,98.00,2.00,"3 - 5 hours","الطفل نفسه لايتقبل او الصعوبه في الدراسة وبالاخص الاونلاين مع عدم توفر المكان المخصص المناسب لجو الدراسة",.,Arabic,"2026-07-13 11:55:58"
78,Yes,Yes,Diploma,Diploma,Self-employed,Unemployed,Married,"300 – 700 BHD",4,Male,Government,Primary,Third,No,No,No,99.00,98.00,-1.00,"1 - 3 hours","الطفل نفسه لايتقبل او الصعوبه في الدراسة وبالاخص الاونلاين مع عدم توفر المكان المخصص المناسب لجو الدراسة",.,Arabic,"2026-07-13 11:55:58"
79,No,Yes,Bachelor's,Bachelor's,Employed,Employed,Widow,"700 – 1000 BHD",2,Male,Government,Intermediate,First,Yes,Yes,No,99.00,99.00,0.00,"3 - 5 hours",كلا,كلا,Arabic,"2026-07-13 12:15:47"
79,No,Yes,Bachelor's,Bachelor's,Employed,Employed,Widow,"700 – 1000 BHD",2,Male,Government,Primary,Sixth,Yes,Yes,No,99.00,99.00,0.00,"3 - 5 hours",كلا,كلا,Arabic,"2026-07-13 12:15:47"
80,Yes,Yes,Secondary,Secondary,Retired,Unemployed,Married,"300 – 700 BHD",4,Male,Government,Secondary,Second,No,Yes,No,89.00,90.00,1.00,"More than 5 hours",لا,"لا يوجد",Arabic,"2026-07-13 12:22:04"
80,Yes,Yes,Secondary,Secondary,Retired,Unemployed,Married,"300 – 700 BHD",4,Male,Government,Primary,Sixth,No,Yes,No,96.00,98.00,2.00,"3 - 5 hours",لا,"لا يوجد",Arabic,"2026-07-13 12:22:04"
81,Yes,Yes,Master's,Bachelor's,Employed,Employed,Married,"700 – 1000 BHD",3,Female,Government,Secondary,Third,Yes,Yes,No,99.30,100.00,0.70,"More than 5 hours",,,Arabic,"2026-07-13 12:28:38"
81,Yes,Yes,Master's,Bachelor's,Employed,Employed,Married,"700 – 1000 BHD",3,Male,Government,Intermediate,Third,No,Yes,No,95.10,96.80,1.70,"More than 5 hours",,,Arabic,"2026-07-13 12:28:38"
81,Yes,Yes,Master's,Bachelor's,Employed,Employed,Married,"700 – 1000 BHD",3,Male,Government,Intermediate,First,No,Yes,No,98.20,98.80,0.60,"More than 5 hours",,,Arabic,"2026-07-13 12:28:38"
82,Yes,Yes,Intermediate,Secondary,Retired,Unemployed,Married,"Less than 300 BHD",3,Male,Government,Intermediate,First,No,No,No,97.70,99.00,1.30,"3 - 5 hours","لا يوجد","لا يوجد",Arabic,"2026-07-13 15:21:48"
82,Yes,Yes,Intermediate,Secondary,Retired,Unemployed,Married,"Less than 300 BHD",3,Male,Government,Primary,Fourth,No,No,No,97.20,99.60,2.40,"Less than an hour","لا يوجد","لا يوجد",Arabic,"2026-07-13 15:21:48"
82,Yes,Yes,Intermediate,Secondary,Retired,Unemployed,Married,"Less than 300 BHD",3,Female,Government,Primary,First,No,No,No,99.50,99.88,0.38,"1 - 3 hours","لا يوجد","لا يوجد",Arabic,"2026-07-13 15:21:48"
83,Yes,Yes,Secondary,Bachelor's,Employed,Unemployed,Married,"300 – 700 BHD",2,Male,Government,Intermediate,Second,Yes,Yes,No,88.00,93.00,5.00,"3 - 5 hours","الأصدقاء خصوصا في مرحلة المراهقه وفي العائلات الكبيره المقارنات",,Arabic,"2026-07-13 15:38:21"
83,Yes,Yes,Secondary,Bachelor's,Employed,Unemployed,Married,"300 – 700 BHD",2,Female,Government,Primary,Second,No,Yes,No,99.00,99.00,0.00,"3 - 5 hours","الأصدقاء خصوصا في مرحلة المراهقه وفي العائلات الكبيره المقارنات",,Arabic,"2026-07-13 15:38:21"
84,Yes,Yes,Secondary,Bachelor's,Employed,Employed,Married,"700 – 1000 BHD",4,Female,Government,Secondary,Second,Yes,No,No,99.00,99.60,0.60,"3 - 5 hours","اقتصادية 
عدم القدرة على التسجيل في دورات خاصة",,Arabic,"2026-07-13 15:41:56"
84,Yes,Yes,Secondary,Bachelor's,Employed,Employed,Married,"700 – 1000 BHD",4,Female,Government,Intermediate,Second,Yes,No,No,99.00,99.00,0.00,"3 - 5 hours","اقتصادية 
عدم القدرة على التسجيل في دورات خاصة",,Arabic,"2026-07-13 15:41:56"
84,Yes,Yes,Secondary,Bachelor's,Employed,Employed,Married,"700 – 1000 BHD",4,Male,Private,Primary,Third,No,No,No,99.00,99.00,0.00,"1 - 3 hours","اقتصادية 
عدم القدرة على التسجيل في دورات خاصة",,Arabic,"2026-07-13 15:41:56"
85,Yes,Yes,Secondary,Bachelor's,Retired,Employed,Married,"700 – 1000 BHD",1,Female,Government,Primary,Fifth,Yes,Yes,No,89.00,92.00,3.00,"3 - 5 hours",السكن,"جنسية الام",Arabic,"2026-07-13 16:34:31"
86,Yes,Yes,Secondary,Diploma,Employed,Retired,Married,"More than 1000 BHD",4,Male,Government,Intermediate,Third,Yes,Yes,No,86.50,95.00,8.50,"3 - 5 hours",,,Arabic,"2026-07-13 17:07:37"
86,Yes,Yes,Secondary,Diploma,Employed,Retired,Married,"More than 1000 BHD",4,Female,Government,Intermediate,First,No,No,No,96.00,98.00,2.00,"3 - 5 hours",,,Arabic,"2026-07-13 17:07:37"
86,Yes,Yes,Secondary,Diploma,Employed,Retired,Married,"More than 1000 BHD",4,Male,Government,Primary,Fourth,No,Yes,No,99.50,99.50,0.00,"1 - 3 hours",,,Arabic,"2026-07-13 17:07:37"
86,Yes,Yes,Secondary,Diploma,Employed,Retired,Married,"More than 1000 BHD",4,Female,Government,Primary,Second,No,No,No,94.00,98.00,4.00,"1 - 3 hours",,,Arabic,"2026-07-13 17:07:37"
87,Yes,Yes,Bachelor's,Bachelor's,Employed,Unemployed,Married,"700 – 1000 BHD",1,Male,Government,Primary,Fourth,No,Yes,No,100.00,100.00,0.00,"1 - 3 hours",,,Arabic,"2026-07-13 17:10:04"
88,Yes,Yes,Bachelor's,Bachelor's,Employed,Employed,Married,"More than 1000 BHD",3,Male,Private,Primary,First,Yes,Yes,Yes,95.00,98.00,3.00,"1 - 3 hours",,,Arabic,"2026-07-13 17:13:49"
88,Yes,Yes,Bachelor's,Bachelor's,Employed,Employed,Married,"More than 1000 BHD",3,Male,Private,Primary,Fourth,No,Yes,Yes,94.00,95.00,1.00,"More than 5 hours",,,Arabic,"2026-07-13 17:13:49"
89,Yes,Yes,Bachelor's,Bachelor's,Retired,Retired,Married,"700 – 1000 BHD",6,Female,Government,Secondary,Third,Yes,No,Yes,95.00,96.00,1.00,"3 - 5 hours",,,Arabic,"2026-07-13 17:14:42"
89,Yes,Yes,Bachelor's,Bachelor's,Retired,Retired,Married,"700 – 1000 BHD",6,Female,Government,Primary,Sixth,Yes,No,No,98.00,98.00,0.00,"1 - 3 hours",,,Arabic,"2026-07-13 17:14:42"
89,Yes,Yes,Bachelor's,Bachelor's,Retired,Retired,Married,"700 – 1000 BHD",6,Male,Government,Intermediate,Third,Yes,Yes,No,92.00,94.00,2.00,"3 - 5 hours",,,Arabic,"2026-07-13 17:14:42"
90,Yes,Yes,Diploma,Bachelor's,Employed,Unemployed,Married,"700 – 1000 BHD",4,Female,Government,Primary,Fourth,No,Yes,No,91.00,95.00,4.00,"3 - 5 hours","الاحداث العامة مثل الاوبية و الحروب",,Arabic,"2026-07-13 17:14:42"
91,Yes,Yes,Master's,Bachelor's,Self-employed,Retired,Married,"More than 1000 BHD",5,Female,Government,Primary,Second,Yes,Yes,No,100.00,100.00,0.00,"1 - 3 hours",,,Arabic,"2026-07-13 17:15:55"
91,Yes,Yes,Master's,Bachelor's,Self-employed,Retired,Married,"More than 1000 BHD",5,Male,Government,Intermediate,Third,No,Yes,No,99.80,99.80,0.00,"3 - 5 hours",,,Arabic,"2026-07-13 17:15:55"
92,No,Yes,Bachelor's,Bachelor's,Employed,Employed,Widow,"More than 1000 BHD",5,Female,Government,Secondary,Third,Yes,Yes,No,90.00,90.00,0.00,"3 - 5 hours",,,Arabic,"2026-07-13 17:16:02"
92,No,Yes,Bachelor's,Bachelor's,Employed,Employed,Widow,"More than 1000 BHD",5,Male,Government,Secondary,Second,No,Yes,No,95.00,97.00,2.00,"3 - 5 hours",,,Arabic,"2026-07-13 17:16:02"
92,No,Yes,Bachelor's,Bachelor's,Employed,Employed,Widow,"More than 1000 BHD",5,Male,Government,Intermediate,First,No,Yes,No,97.00,98.00,1.00,"3 - 5 hours",,,Arabic,"2026-07-13 17:16:02"
93,Yes,Yes,Master's,Bachelor's,Employed,Employed,Married,"More than 1000 BHD",2,Female,Government,Primary,Fifth,Yes,Yes,Yes,99.00,99.00,0.00,"Less than an hour","اسلوب الدعايات ووسائل التواصل",,Arabic,"2026-07-13 17:16:42"
93,Yes,Yes,Master's,Bachelor's,Employed,Employed,Married,"More than 1000 BHD",2,Male,Government,Primary,First,No,Yes,No,99.00,99.00,0.00,"Less than an hour","اسلوب الدعايات ووسائل التواصل",,Arabic,"2026-07-13 17:16:42"
94,Yes,Yes,Bachelor's,Bachelor's,Employed,Employed,Married,"700 – 1000 BHD",2,Male,Government,Primary,Third,No,Yes,No,95.00,94.00,-1.00,"1 - 3 hours","التأثر بالطلاب الآخرين",,Arabic,"2026-07-13 17:18:23"
94,Yes,Yes,Bachelor's,Bachelor's,Employed,Employed,Married,"700 – 1000 BHD",2,Female,Government,Primary,First,No,No,No,95.00,95.00,0.00,"1 - 3 hours","التأثر بالطلاب الآخرين",,Arabic,"2026-07-13 17:18:23"
95,Yes,Yes,Bachelor's,Bachelor's,Employed,Employed,Married,"More than 1000 BHD",4,Male,Government,Secondary,First,Yes,Yes,No,97.00,97.00,0.00,"1 - 3 hours",,,Arabic,"2026-07-13 17:22:07"
95,Yes,Yes,Bachelor's,Bachelor's,Employed,Employed,Married,"More than 1000 BHD",4,Female,Government,Primary,Sixth,Yes,Yes,No,98.00,98.00,0.00,"1 - 3 hours",,,Arabic,"2026-07-13 17:22:07"
96,Yes,Yes,Secondary,Bachelor's,Retired,Unemployed,Married,"300 – 700 BHD",3,Female,Government,Secondary,Second,Yes,Yes,No,99.00,99.00,0.00,"1 - 3 hours",,,Arabic,"2026-07-13 17:27:36"
96,Yes,Yes,Secondary,Bachelor's,Retired,Unemployed,Married,"300 – 700 BHD",3,Male,Government,Intermediate,Third,Yes,Yes,Yes,97.09,98.54,1.45,"3 - 5 hours",,,Arabic,"2026-07-13 17:27:36"
96,Yes,Yes,Secondary,Bachelor's,Retired,Unemployed,Married,"300 – 700 BHD",3,Male,Government,Primary,Third,No,Yes,Yes,98.00,100.00,2.00,"1 - 3 hours",,,Arabic,"2026-07-13 17:27:36"
97,Yes,Yes,Bachelor's,Diploma,Employed,Unemployed,Married,"700 – 1000 BHD",3,Male,Government,Primary,Sixth,Yes,Yes,No,98.00,99.00,1.00,"1 - 3 hours",,,Arabic,"2026-07-13 17:29:47"
98,Yes,Yes,Bachelor's,Diploma,Employed,Employed,Married,"More than 1000 BHD",3,Female,Government,Primary,Sixth,No,Yes,No,99.30,99.80,0.50,"3 - 5 hours","لا توجد عوامل سلبية تؤثر على أداء الطالب.","متابعة مستمرة مع ولي الأمر. السبب الرئيسي لنجاح الطالب",Arabic,"2026-07-13 17:35:50"
99,Yes,Yes,Bachelor's,Bachelor's,Employed,Unemployed,Married,"700 – 1000 BHD",4,Female,Government,Primary,Fifth,No,Yes,No,100.00,100.00,0.00,"1 - 3 hours",,,Arabic,"2026-07-13 17:40:13"
99,Yes,Yes,Bachelor's,Bachelor's,Employed,Unemployed,Married,"700 – 1000 BHD",4,Male,Government,Primary,Fourth,No,Yes,No,100.00,100.00,0.00,"1 - 3 hours",,,Arabic,"2026-07-13 17:40:13"
99,Yes,Yes,Bachelor's,Bachelor's,Employed,Unemployed,Married,"700 – 1000 BHD",4,Male,Government,Primary,First,No,No,No,99.00,98.00,-1.00,"1 - 3 hours",,,Arabic,"2026-07-13 17:40:13"
100,Yes,Yes,Bachelor's,Bachelor's,Employed,Unemployed,Married,"300 – 700 BHD",1,Male,Government,Primary,First,No,Yes,No,90.00,91.00,1.00,"3 - 5 hours","لا يوجد .. الشاشات والاجهزة هي التي تؤثر عليه بشكل كبير","لا يوجد",Arabic,"2026-07-13 17:43:10"
101,Yes,Yes,Master's,Bachelor's,Employed,Unemployed,Married,"More than 1000 BHD",4,Female,Private,Primary,Fourth,No,No,No,90.00,90.00,0.00,"Less than an hour","لا اعلم",لا,Arabic,"2026-07-13 17:44:26"
101,Yes,Yes,Master's,Bachelor's,Employed,Unemployed,Married,"More than 1000 BHD",4,Female,Private,Primary,Second,No,No,No,90.00,90.00,0.00,"Less than an hour","لا اعلم",لا,Arabic,"2026-07-13 17:44:26"
102,Yes,Yes,Intermediate,Bachelor's,Retired,Retired,Married,"700 – 1000 BHD",7,Female,Government,Secondary,Second,Yes,No,No,89.90,91.00,1.10,"More than 5 hours","السوشال ميديا أو بالأحرى الهاتف النقال",,Arabic,"2026-07-13 17:50:35"
103,Yes,Yes,Intermediate,Bachelor's,Retired,Retired,Married,"700 – 1000 BHD",7,Female,Government,Secondary,Second,Yes,No,No,89.90,91.00,1.10,"More than 5 hours","السوشال ميديا أو بالأحرى الهاتف النقال",,Arabic,"2026-07-13 17:50:36"
104,No,Yes,Primary,Primary,Retired,Unemployed,Widow,"700 – 1000 BHD",4,Male,Government,Secondary,Third,No,No,Yes,90.00,90.00,0.00,"3 - 5 hours","حسب رأيي، فإن المدرسة تتحمل الدور الأساسي في بناء المستوى العلمي للطالب، لأنها الجهة المسؤولة عن شرح المناهج وترسيخ المفاهيم داخل الصف. إلا أن الواقع اليوم يشير إلى أن كثيراً من الطلبة أصبحوا يعتمدون على أولياء أمورهم لفهم الدروس أكثر من اعتمادهم على المدرسة، خصوصاً في المدارس الخاصة التي تقدم مناهج مكثفة وتُدرَّس معظمها باللغة الإنجليزية.

هذا الأمر يضع عبئاً كبيراً على الأسر، فليس جميع أولياء الأمور يمتلكون الوقت أو القدرة أو الكفاءة اللغوية لمتابعة هذه المناهج، خاصة مع ضغوط العمل وتعدد الأبناء. وعندما يصبح نجاح الطالب مرتبطاً بقدرة والديه على الشرح والمتابعة، فإن ذلك يستدعي مراجعة أساليب التدريس وآلية تقييم التحصيل الدراسي.

من الضروري أن يكون الطالب قادراً على فهم الدرس داخل الفصل الدراسي، وأن تكون الواجبات المنزلية وسيلة لتعزيز التعلم، لا بديلاً عن عملية التعليم نفسها. كما أن المتابعة المستمرة للأداء الصفي للمعلم والطالب، وتطوير أساليب التدريس، وتقديم الدعم للطلبة الذين يواجهون صعوبات، هي خطوات أكثر فاعلية من زيادة الواجبات المنزلية أو الاعتماد غير المباشر على أولياء الأمور في شرح المناهج","من المهم أن تعيد وزارة التربية والتعليم التركيز على جودة الأداء الصفي للمعلم والطالب، من خلال المتابعة المستمرة، والتقييم الدوري، ووضع التوصيات التعليمية المناسبة التي تسهم في رفع مستوى التحصيل الدراسي داخل المدرسة.

فالواجبات المنزلية ينبغي أن تكون وسيلة لتعزيز ما تعلمه الطالب في الصف، لا أن تتحول إلى عبء يقع على عاتق أولياء الأمور. فكثير من الأسر تعاني من ضغوط العمل، إضافة إلى مسؤولية رعاية عدة أبناء، مما يجعل من الصعب متابعة جميع الواجبات اليومية، وفي بعض الأحيان يضطر أولياء الأمور إلى حلها بأنفسهم لضيق الوقت أو لصعوبة مستواها.

لذلك، فإن تعزيز جودة التعليم داخل الفصل الدراسي، وتقديم واجبات منزلية مناسبة لقدرات الطالب، مع مراعاة ظروف الأسر، سيحقق الهدف التعليمي الحقيقي، ويعزز اعتماد الطالب على نفسه، ويمنح أولياء الأمور دورهم الطبيعي في الدعم والتشجيع، وليس القيام بمهام الطالب بدلاً عنه",Arabic,"2026-07-13 17:57:27"
104,No,Yes,Primary,Primary,Retired,Unemployed,Widow,"700 – 1000 BHD",4,Female,Government,Secondary,Second,No,No,No,96.00,96.00,0.00,"3 - 5 hours","حسب رأيي، فإن المدرسة تتحمل الدور الأساسي في بناء المستوى العلمي للطالب، لأنها الجهة المسؤولة عن شرح المناهج وترسيخ المفاهيم داخل الصف. إلا أن الواقع اليوم يشير إلى أن كثيراً من الطلبة أصبحوا يعتمدون على أولياء أمورهم لفهم الدروس أكثر من اعتمادهم على المدرسة، خصوصاً في المدارس الخاصة التي تقدم مناهج مكثفة وتُدرَّس معظمها باللغة الإنجليزية.

هذا الأمر يضع عبئاً كبيراً على الأسر، فليس جميع أولياء الأمور يمتلكون الوقت أو القدرة أو الكفاءة اللغوية لمتابعة هذه المناهج، خاصة مع ضغوط العمل وتعدد الأبناء. وعندما يصبح نجاح الطالب مرتبطاً بقدرة والديه على الشرح والمتابعة، فإن ذلك يستدعي مراجعة أساليب التدريس وآلية تقييم التحصيل الدراسي.

من الضروري أن يكون الطالب قادراً على فهم الدرس داخل الفصل الدراسي، وأن تكون الواجبات المنزلية وسيلة لتعزيز التعلم، لا بديلاً عن عملية التعليم نفسها. كما أن المتابعة المستمرة للأداء الصفي للمعلم والطالب، وتطوير أساليب التدريس، وتقديم الدعم للطلبة الذين يواجهون صعوبات، هي خطوات أكثر فاعلية من زيادة الواجبات المنزلية أو الاعتماد غير المباشر على أولياء الأمور في شرح المناهج","من المهم أن تعيد وزارة التربية والتعليم التركيز على جودة الأداء الصفي للمعلم والطالب، من خلال المتابعة المستمرة، والتقييم الدوري، ووضع التوصيات التعليمية المناسبة التي تسهم في رفع مستوى التحصيل الدراسي داخل المدرسة.

فالواجبات المنزلية ينبغي أن تكون وسيلة لتعزيز ما تعلمه الطالب في الصف، لا أن تتحول إلى عبء يقع على عاتق أولياء الأمور. فكثير من الأسر تعاني من ضغوط العمل، إضافة إلى مسؤولية رعاية عدة أبناء، مما يجعل من الصعب متابعة جميع الواجبات اليومية، وفي بعض الأحيان يضطر أولياء الأمور إلى حلها بأنفسهم لضيق الوقت أو لصعوبة مستواها.

لذلك، فإن تعزيز جودة التعليم داخل الفصل الدراسي، وتقديم واجبات منزلية مناسبة لقدرات الطالب، مع مراعاة ظروف الأسر، سيحقق الهدف التعليمي الحقيقي، ويعزز اعتماد الطالب على نفسه، ويمنح أولياء الأمور دورهم الطبيعي في الدعم والتشجيع، وليس القيام بمهام الطالب بدلاً عنه",Arabic,"2026-07-13 17:57:27"
104,No,Yes,Primary,Primary,Retired,Unemployed,Widow,"700 – 1000 BHD",4,Male,Private,Primary,Fourth,No,Yes,No,90.00,90.00,0.00,"1 - 3 hours","حسب رأيي، فإن المدرسة تتحمل الدور الأساسي في بناء المستوى العلمي للطالب، لأنها الجهة المسؤولة عن شرح المناهج وترسيخ المفاهيم داخل الصف. إلا أن الواقع اليوم يشير إلى أن كثيراً من الطلبة أصبحوا يعتمدون على أولياء أمورهم لفهم الدروس أكثر من اعتمادهم على المدرسة، خصوصاً في المدارس الخاصة التي تقدم مناهج مكثفة وتُدرَّس معظمها باللغة الإنجليزية.

هذا الأمر يضع عبئاً كبيراً على الأسر، فليس جميع أولياء الأمور يمتلكون الوقت أو القدرة أو الكفاءة اللغوية لمتابعة هذه المناهج، خاصة مع ضغوط العمل وتعدد الأبناء. وعندما يصبح نجاح الطالب مرتبطاً بقدرة والديه على الشرح والمتابعة، فإن ذلك يستدعي مراجعة أساليب التدريس وآلية تقييم التحصيل الدراسي.

من الضروري أن يكون الطالب قادراً على فهم الدرس داخل الفصل الدراسي، وأن تكون الواجبات المنزلية وسيلة لتعزيز التعلم، لا بديلاً عن عملية التعليم نفسها. كما أن المتابعة المستمرة للأداء الصفي للمعلم والطالب، وتطوير أساليب التدريس، وتقديم الدعم للطلبة الذين يواجهون صعوبات، هي خطوات أكثر فاعلية من زيادة الواجبات المنزلية أو الاعتماد غير المباشر على أولياء الأمور في شرح المناهج","من المهم أن تعيد وزارة التربية والتعليم التركيز على جودة الأداء الصفي للمعلم والطالب، من خلال المتابعة المستمرة، والتقييم الدوري، ووضع التوصيات التعليمية المناسبة التي تسهم في رفع مستوى التحصيل الدراسي داخل المدرسة.

فالواجبات المنزلية ينبغي أن تكون وسيلة لتعزيز ما تعلمه الطالب في الصف، لا أن تتحول إلى عبء يقع على عاتق أولياء الأمور. فكثير من الأسر تعاني من ضغوط العمل، إضافة إلى مسؤولية رعاية عدة أبناء، مما يجعل من الصعب متابعة جميع الواجبات اليومية، وفي بعض الأحيان يضطر أولياء الأمور إلى حلها بأنفسهم لضيق الوقت أو لصعوبة مستواها.

لذلك، فإن تعزيز جودة التعليم داخل الفصل الدراسي، وتقديم واجبات منزلية مناسبة لقدرات الطالب، مع مراعاة ظروف الأسر، سيحقق الهدف التعليمي الحقيقي، ويعزز اعتماد الطالب على نفسه، ويمنح أولياء الأمور دورهم الطبيعي في الدعم والتشجيع، وليس القيام بمهام الطالب بدلاً عنه",Arabic,"2026-07-13 17:57:27"
104,No,Yes,Primary,Primary,Retired,Unemployed,Widow,"700 – 1000 BHD",4,Male,Private,Primary,Second,No,Yes,No,90.00,90.00,0.00,"1 - 3 hours","حسب رأيي، فإن المدرسة تتحمل الدور الأساسي في بناء المستوى العلمي للطالب، لأنها الجهة المسؤولة عن شرح المناهج وترسيخ المفاهيم داخل الصف. إلا أن الواقع اليوم يشير إلى أن كثيراً من الطلبة أصبحوا يعتمدون على أولياء أمورهم لفهم الدروس أكثر من اعتمادهم على المدرسة، خصوصاً في المدارس الخاصة التي تقدم مناهج مكثفة وتُدرَّس معظمها باللغة الإنجليزية.

هذا الأمر يضع عبئاً كبيراً على الأسر، فليس جميع أولياء الأمور يمتلكون الوقت أو القدرة أو الكفاءة اللغوية لمتابعة هذه المناهج، خاصة مع ضغوط العمل وتعدد الأبناء. وعندما يصبح نجاح الطالب مرتبطاً بقدرة والديه على الشرح والمتابعة، فإن ذلك يستدعي مراجعة أساليب التدريس وآلية تقييم التحصيل الدراسي.

من الضروري أن يكون الطالب قادراً على فهم الدرس داخل الفصل الدراسي، وأن تكون الواجبات المنزلية وسيلة لتعزيز التعلم، لا بديلاً عن عملية التعليم نفسها. كما أن المتابعة المستمرة للأداء الصفي للمعلم والطالب، وتطوير أساليب التدريس، وتقديم الدعم للطلبة الذين يواجهون صعوبات، هي خطوات أكثر فاعلية من زيادة الواجبات المنزلية أو الاعتماد غير المباشر على أولياء الأمور في شرح المناهج","من المهم أن تعيد وزارة التربية والتعليم التركيز على جودة الأداء الصفي للمعلم والطالب، من خلال المتابعة المستمرة، والتقييم الدوري، ووضع التوصيات التعليمية المناسبة التي تسهم في رفع مستوى التحصيل الدراسي داخل المدرسة.

فالواجبات المنزلية ينبغي أن تكون وسيلة لتعزيز ما تعلمه الطالب في الصف، لا أن تتحول إلى عبء يقع على عاتق أولياء الأمور. فكثير من الأسر تعاني من ضغوط العمل، إضافة إلى مسؤولية رعاية عدة أبناء، مما يجعل من الصعب متابعة جميع الواجبات اليومية، وفي بعض الأحيان يضطر أولياء الأمور إلى حلها بأنفسهم لضيق الوقت أو لصعوبة مستواها.

لذلك، فإن تعزيز جودة التعليم داخل الفصل الدراسي، وتقديم واجبات منزلية مناسبة لقدرات الطالب، مع مراعاة ظروف الأسر، سيحقق الهدف التعليمي الحقيقي، ويعزز اعتماد الطالب على نفسه، ويمنح أولياء الأمور دورهم الطبيعي في الدعم والتشجيع، وليس القيام بمهام الطالب بدلاً عنه",Arabic,"2026-07-13 17:57:27"
105,Yes,Yes,Bachelor's,Diploma,Employed,Unemployed,Married,"More than 1000 BHD",2,Male,Government,Primary,Fifth,Yes,No,No,96.00,98.00,2.00,"1 - 3 hours",,,Arabic,"2026-07-13 18:06:22"
106,Yes,Yes,Bachelor's,Bachelor's,Employed,Unemployed,Married,"700 – 1000 BHD",3,Male,Government,Primary,Fourth,No,No,No,98.00,98.00,0.00,"More than 5 hours",,,Arabic,"2026-07-13 18:22:30"
106,Yes,Yes,Bachelor's,Bachelor's,Employed,Unemployed,Married,"700 – 1000 BHD",3,Male,Government,Primary,Fourth,No,No,No,98.00,98.00,0.00,"More than 5 hours",,,Arabic,"2026-07-13 18:22:30"
106,Yes,Yes,Bachelor's,Bachelor's,Employed,Unemployed,Married,"700 – 1000 BHD",3,Male,Government,Primary,Sixth,No,No,No,98.00,98.00,0.00,"More than 5 hours",,,Arabic,"2026-07-13 18:22:30"
107,Yes,Yes,Secondary,Bachelor's,Employed,Unemployed,Married,"More than 1000 BHD",6,Male,Government,Secondary,Second,Yes,Yes,No,87.70,91.10,3.40,"3 - 5 hours",لا,لا,Arabic,"2026-07-13 18:32:50"
107,Yes,Yes,Secondary,Bachelor's,Employed,Unemployed,Married,"More than 1000 BHD",6,Female,Government,Intermediate,Third,Yes,Yes,No,97.64,99.30,1.66,"1 - 3 hours",لا,لا,Arabic,"2026-07-13 18:32:50"
107,Yes,Yes,Secondary,Bachelor's,Employed,Unemployed,Married,"More than 1000 BHD",6,Female,Government,Primary,Fifth,Yes,Yes,No,95.50,99.10,3.60,"3 - 5 hours",لا,لا,Arabic,"2026-07-13 18:32:50"
108,Yes,Yes,Secondary,Bachelor's,Employed,Unemployed,Married,"More than 1000 BHD",6,Male,Government,Secondary,Second,Yes,Yes,No,87.70,91.10,3.40,"3 - 5 hours",لا,لا,Arabic,"2026-07-13 18:32:50"
108,Yes,Yes,Secondary,Bachelor's,Employed,Unemployed,Married,"More than 1000 BHD",6,Female,Government,Intermediate,Third,Yes,Yes,No,97.64,99.30,1.66,"1 - 3 hours",لا,لا,Arabic,"2026-07-13 18:32:50"
108,Yes,Yes,Secondary,Bachelor's,Employed,Unemployed,Married,"More than 1000 BHD",6,Female,Government,Primary,Fifth,Yes,Yes,No,95.50,99.10,3.60,"3 - 5 hours",لا,لا,Arabic,"2026-07-13 18:32:50"
109,Yes,Yes,Bachelor's,Bachelor's,Employed,Unemployed,Married,"700 – 1000 BHD",2,Male,Government,Primary,First,Yes,Yes,No,100.00,100.00,0.00,"1 - 3 hours",,,Arabic,"2026-07-13 18:34:05"
110,Yes,Yes,Bachelor's,Bachelor's,Employed,Unemployed,Married,"More than 1000 BHD",4,Male,Government,Secondary,Second,Yes,Yes,No,64.50,74.50,10.00,"1 - 3 hours","المشتتات من برامج تلفزيونية وألعاب إلكترونية ومقاطع في وسائل التواصل",,Arabic,"2026-07-13 18:58:16"
110,Yes,Yes,Bachelor's,Bachelor's,Employed,Unemployed,Married,"More than 1000 BHD",4,Male,Government,Intermediate,First,Yes,No,No,93.00,96.50,3.50,"1 - 3 hours","المشتتات من برامج تلفزيونية وألعاب إلكترونية ومقاطع في وسائل التواصل",,Arabic,"2026-07-13 18:58:16"
110,Yes,Yes,Bachelor's,Bachelor's,Employed,Unemployed,Married,"More than 1000 BHD",4,Female,Government,Primary,First,No,Yes,No,98.00,99.50,1.50,"1 - 3 hours","المشتتات من برامج تلفزيونية وألعاب إلكترونية ومقاطع في وسائل التواصل",,Arabic,"2026-07-13 18:58:16"
111,Yes,Yes,Bachelor's,Bachelor's,Employed,Employed,Married,"More than 1000 BHD",2,Male,Government,Primary,Sixth,Yes,Yes,No,100.00,99.00,-1.00,"3 - 5 hours",,,Arabic,"2026-07-13 19:09:10"
111,Yes,Yes,Bachelor's,Bachelor's,Employed,Employed,Married,"More than 1000 BHD",2,Female,Government,Primary,Second,Yes,No,No,100.00,100.00,0.00,"3 - 5 hours",,,Arabic,"2026-07-13 19:09:10"
112,Yes,Yes,PhD,Bachelor's,Employed,Unemployed,Married,"More than 1000 BHD",3,Male,Government,Primary,Fourth,No,Yes,No,95.00,98.00,3.00,"1 - 3 hours","عوامل تربوية وعوامل تنظيمية وعوامل تحفيزية",-,Arabic,"2026-07-13 19:47:26"
113,Yes,Yes,Bachelor's,Secondary,Employed,Unemployed,Married,"700 – 1000 BHD",4,Male,Government,Primary,Sixth,No,Yes,No,98.80,99.40,0.60,"Less than an hour","عدم عمل الوالده ودعم الاولاد تعليميا يساهم بشكل كبير في رفع المشستوى التغليمي",,Arabic,"2026-07-13 20:00:08"
113,Yes,Yes,Bachelor's,Secondary,Employed,Unemployed,Married,"700 – 1000 BHD",4,Female,Government,Primary,Second,No,Yes,No,99.00,99.80,0.80,"Less than an hour","عدم عمل الوالده ودعم الاولاد تعليميا يساهم بشكل كبير في رفع المشستوى التغليمي",,Arabic,"2026-07-13 20:00:08"
114,Yes,Yes,Diploma,Bachelor's,Employed,Employed,Married,"More than 1000 BHD",5,Female,Government,Primary,Third,Yes,Yes,Yes,91.00,98.00,7.00,"Less than an hour",لا,,Arabic,"2026-07-13 20:39:08"
114,Yes,Yes,Diploma,Bachelor's,Employed,Employed,Married,"More than 1000 BHD",5,Female,Government,Primary,Fifth,Yes,Yes,Yes,99.00,100.00,1.00,"Less than an hour",لا,,Arabic,"2026-07-13 20:39:08"
114,Yes,Yes,Diploma,Bachelor's,Employed,Employed,Married,"More than 1000 BHD",5,Male,Government,Intermediate,Third,Yes,Yes,No,89.00,98.00,9.00,"1 - 3 hours",لا,,Arabic,"2026-07-13 20:39:08"
115,Yes,Yes,Bachelor's,Bachelor's,Employed,Employed,Married,"300 – 700 BHD",4,Male,Government,Secondary,Third,No,No,No,85.00,88.00,3.00,"1 - 3 hours",,,Arabic,"2026-07-13 22:27:51"
115,Yes,Yes,Bachelor's,Bachelor's,Employed,Employed,Married,"300 – 700 BHD",4,Female,Government,Secondary,Third,No,No,No,88.00,88.00,0.00,"1 - 3 hours",,,Arabic,"2026-07-13 22:27:51"
115,Yes,Yes,Bachelor's,Bachelor's,Employed,Employed,Married,"300 – 700 BHD",4,Female,Government,Secondary,Third,No,No,No,90.00,90.00,0.00,"1 - 3 hours",,,Arabic,"2026-07-13 22:27:51"
116,Yes,Yes,Bachelor's,Bachelor's,Employed,Employed,Married,"700 – 1000 BHD",2,Female,Government,Primary,Second,No,No,Yes,91.00,93.00,2.00,"Less than an hour",لا,لا,Arabic,"2026-07-14 00:08:09"
116,Yes,Yes,Bachelor's,Bachelor's,Employed,Employed,Married,"700 – 1000 BHD",2,Male,Government,Primary,First,No,Yes,Yes,94.00,96.00,2.00,"Less than an hour",لا,لا,Arabic,"2026-07-14 00:08:09"
117,Yes,Yes,Bachelor's,Bachelor's,Employed,Unemployed,Married,"300 – 700 BHD",2,Male,Government,Primary,First,No,Yes,No,99.00,99.00,0.00,"Less than an hour",,,Arabic,"2026-07-14 04:33:57"
118,Yes,Yes,Secondary,Secondary,Retired,Unemployed,Married,"300 – 700 BHD",6,Female,Government,Secondary,First,Yes,Yes,No,95.30,97.40,2.10,"3 - 5 hours",لا,لا,Arabic,"2026-07-14 07:10:46"
118,Yes,Yes,Secondary,Secondary,Retired,Unemployed,Married,"300 – 700 BHD",6,Male,Government,Intermediate,Third,No,Yes,No,96.50,98.50,2.00,"3 - 5 hours",لا,لا,Arabic,"2026-07-14 07:10:46"
119,Yes,Yes,Bachelor's,Bachelor's,Employed,Employed,Married,"More than 1000 BHD",3,Female,Private,Primary,Sixth,Yes,No,No,90.00,92.00,2.00,"1 - 3 hours",,,Arabic,"2026-07-14 07:31:36"
119,Yes,Yes,Bachelor's,Bachelor's,Employed,Employed,Married,"More than 1000 BHD",3,Male,Government,Secondary,Third,Yes,Yes,No,90.00,98.00,8.00,"3 - 5 hours",,,Arabic,"2026-07-14 07:31:36"
120,Yes,Yes,Diploma,Secondary,Employed,Employed,Married,"700 – 1000 BHD",4,Female,Government,Secondary,Second,Yes,No,No,91.20,95.20,4.00,"More than 5 hours",,,Arabic,"2026-07-14 10:53:03"
120,Yes,Yes,Diploma,Secondary,Employed,Employed,Married,"700 – 1000 BHD",4,Male,Government,Intermediate,Third,Yes,Yes,No,96.00,97.00,1.00,"More than 5 hours",,,Arabic,"2026-07-14 10:53:03"
121,Yes,Yes,PhD,Bachelor's,Employed,Retired,Married,"700 – 1000 BHD",1,Male,Government,Secondary,Second,Yes,Yes,No,95.00,98.80,3.80,"1 - 3 hours",,,Arabic,"2026-07-14 10:58:53"
122,Yes,Yes,Diploma,Diploma,Self-employed,Employed,Married,"More than 1000 BHD",3,Male,Government,Secondary,First,Yes,Yes,No,98.50,99.80,1.30,"3 - 5 hours",لا,شكرا,Arabic,"2026-07-14 11:03:22"
122,Yes,Yes,Diploma,Diploma,Self-employed,Employed,Married,"More than 1000 BHD",3,Male,Government,Intermediate,Second,Yes,Yes,No,99.20,98.70,-0.50,"3 - 5 hours",لا,شكرا,Arabic,"2026-07-14 11:03:22"
122,Yes,Yes,Diploma,Diploma,Self-employed,Employed,Married,"More than 1000 BHD",3,Male,Government,Primary,Fourth,No,Yes,No,99.20,99.70,0.50,"1 - 3 hours",لا,شكرا,Arabic,"2026-07-14 11:03:22"
123,Yes,Yes,Diploma,Bachelor's,Employed,Retired,Married,"More than 1000 BHD",4,Female,Government,Secondary,Second,Yes,No,Yes,99.30,99.50,0.20,"3 - 5 hours","الاحترام ومنحه فرصة للتعبير والنظام في الحياة من احد اسس الوصول للتميز","يجب وضع خانة للقرض والفصل بين المتبقي من الدخل وبين القرض لان له تأثير كبير",Arabic,"2026-07-14 11:08:18"
123,Yes,Yes,Diploma,Bachelor's,Employed,Retired,Married,"More than 1000 BHD",4,Female,Government,Intermediate,Second,Yes,Yes,No,99.90,99.90,0.00,"3 - 5 hours","الاحترام ومنحه فرصة للتعبير والنظام في الحياة من احد اسس الوصول للتميز","يجب وضع خانة للقرض والفصل بين المتبقي من الدخل وبين القرض لان له تأثير كبير",Arabic,"2026-07-14 11:08:18"
123,Yes,Yes,Diploma,Bachelor's,Employed,Retired,Married,"More than 1000 BHD",4,Female,Government,Primary,Fifth,No,No,No,98.80,100.00,1.20,"1 - 3 hours","الاحترام ومنحه فرصة للتعبير والنظام في الحياة من احد اسس الوصول للتميز","يجب وضع خانة للقرض والفصل بين المتبقي من الدخل وبين القرض لان له تأثير كبير",Arabic,"2026-07-14 11:08:18"
123,Yes,Yes,Diploma,Bachelor's,Employed,Retired,Married,"More than 1000 BHD",4,Female,Government,Primary,Fourth,No,No,No,99.80,99.80,0.00,"1 - 3 hours","الاحترام ومنحه فرصة للتعبير والنظام في الحياة من احد اسس الوصول للتميز","يجب وضع خانة للقرض والفصل بين المتبقي من الدخل وبين القرض لان له تأثير كبير",Arabic,"2026-07-14 11:08:18"
124,Yes,Yes,Intermediate,Secondary,Self-employed,Unemployed,Married,"Less than 300 BHD",4,Male,Government,Secondary,Second,No,No,No,94.40,94.40,0.00,"3 - 5 hours",لا,"انشطة اثرائية في شرح الدروس افكار جديدة ومتنوعة عن المعتاد",Arabic,"2026-07-14 11:20:44"
124,Yes,Yes,Intermediate,Secondary,Self-employed,Unemployed,Married,"Less than 300 BHD",4,Male,Government,Intermediate,Second,No,No,No,97.00,97.00,0.00,"More than 5 hours",لا,"انشطة اثرائية في شرح الدروس افكار جديدة ومتنوعة عن المعتاد",Arabic,"2026-07-14 11:20:44"
124,Yes,Yes,Intermediate,Secondary,Self-employed,Unemployed,Married,"Less than 300 BHD",4,Female,Government,Primary,Third,No,No,No,99.70,99.70,0.00,"1 - 3 hours",لا,"انشطة اثرائية في شرح الدروس افكار جديدة ومتنوعة عن المعتاد",Arabic,"2026-07-14 11:20:44"
124,Yes,Yes,Intermediate,Secondary,Self-employed,Unemployed,Married,"Less than 300 BHD",4,Male,Government,Primary,First,No,No,No,95.00,95.00,0.00,"1 - 3 hours",لا,"انشطة اثرائية في شرح الدروس افكار جديدة ومتنوعة عن المعتاد",Arabic,"2026-07-14 11:20:44"
125,Yes,Yes,Intermediate,Secondary,Self-employed,Unemployed,Married,"Less than 300 BHD",4,Male,Government,Secondary,Second,No,No,No,94.40,94.40,0.00,"3 - 5 hours",لا,"انشطة اثرائية في شرح الدروس افكار جديدة ومتنوعة عن المعتاد",Arabic,"2026-07-14 11:21:07"
125,Yes,Yes,Intermediate,Secondary,Self-employed,Unemployed,Married,"Less than 300 BHD",4,Male,Government,Intermediate,Second,No,No,No,97.00,97.00,0.00,"More than 5 hours",لا,"انشطة اثرائية في شرح الدروس افكار جديدة ومتنوعة عن المعتاد",Arabic,"2026-07-14 11:21:07"
125,Yes,Yes,Intermediate,Secondary,Self-employed,Unemployed,Married,"Less than 300 BHD",4,Female,Government,Primary,Third,No,No,No,99.70,99.70,0.00,"1 - 3 hours",لا,"انشطة اثرائية في شرح الدروس افكار جديدة ومتنوعة عن المعتاد",Arabic,"2026-07-14 11:21:07"
125,Yes,Yes,Intermediate,Secondary,Self-employed,Unemployed,Married,"Less than 300 BHD",4,Male,Government,Primary,First,No,No,No,95.00,95.00,0.00,"1 - 3 hours",لا,"انشطة اثرائية في شرح الدروس افكار جديدة ومتنوعة عن المعتاد",Arabic,"2026-07-14 11:21:07"
126,Yes,Yes,Intermediate,Diploma,Retired,Unemployed,Married,"300 – 700 BHD",5,Female,Government,Intermediate,First,No,Yes,Yes,97.90,99.22,1.32,"3 - 5 hours",لا,"لا يوجد",Arabic,"2026-07-14 11:30:56"
126,Yes,Yes,Intermediate,Diploma,Retired,Unemployed,Married,"300 – 700 BHD",5,Female,Government,Secondary,First,Yes,Yes,No,86.30,92.70,6.40,"3 - 5 hours",لا,"لا يوجد",Arabic,"2026-07-14 11:30:56"
127,Yes,Yes,Bachelor's,Secondary,Employed,Unemployed,Married,"300 – 700 BHD",4,Female,Government,Intermediate,Second,No,No,Yes,97.00,97.00,0.00,"3 - 5 hours",لا,لا,Arabic,"2026-07-14 11:41:07"
127,Yes,Yes,Bachelor's,Secondary,Employed,Unemployed,Married,"300 – 700 BHD",4,Female,Government,Primary,Sixth,No,No,Yes,95.00,95.00,0.00,"1 - 3 hours",لا,لا,Arabic,"2026-07-14 11:41:07"
127,Yes,Yes,Bachelor's,Secondary,Employed,Unemployed,Married,"300 – 700 BHD",4,Male,Government,Primary,Fourth,No,No,No,98.00,98.00,0.00,"3 - 5 hours",لا,لا,Arabic,"2026-07-14 11:41:07"
128,Yes,Yes,Intermediate,Secondary,Retired,Unemployed,Married,"Less than 300 BHD",2,Male,Government,Secondary,Third,Yes,Yes,No,84.90,88.50,3.60,"3 - 5 hours",,,Arabic,"2026-07-14 11:52:15"
128,Yes,Yes,Intermediate,Secondary,Retired,Unemployed,Married,"Less than 300 BHD",2,Female,Government,Primary,Third,Yes,Yes,No,100.00,99.00,-1.00,"Less than an hour",,,Arabic,"2026-07-14 11:52:15"
129,Yes,Yes,Diploma,Bachelor's,Employed,Unemployed,Married,"700 – 1000 BHD",3,Male,Government,Primary,Third,No,Yes,No,99.00,99.00,0.00,"3 - 5 hours","السكن في بيت العائلة",,Arabic,"2026-07-14 12:43:52"
130,Yes,Yes,Master's,Master's,Employed,Employed,Married,"More than 1000 BHD",2,Male,Government,Primary,Second,Yes,Yes,No,100.00,100.00,0.00,"Less than an hour",,,Arabic,"2026-07-14 12:52:51"
131,Yes,Yes,Bachelor's,Bachelor's,Employed,Employed,Married,"More than 1000 BHD",5,Male,Private,Secondary,First,No,No,Yes,98.00,98.00,0.00,"3 - 5 hours","النصيحة الدائمة من الوالدين للابناء بان الدراسه وتفوقهم تحدد  مستقبلهم",,Arabic,"2026-07-14 13:12:43"
131,Yes,Yes,Bachelor's,Bachelor's,Employed,Employed,Married,"More than 1000 BHD",5,Female,Private,Secondary,First,No,No,No,98.00,98.00,0.00,"3 - 5 hours","النصيحة الدائمة من الوالدين للابناء بان الدراسه وتفوقهم تحدد  مستقبلهم",,Arabic,"2026-07-14 13:12:43"
131,Yes,Yes,Bachelor's,Bachelor's,Employed,Employed,Married,"More than 1000 BHD",5,Male,Private,Intermediate,First,No,No,No,97.00,97.00,0.00,"3 - 5 hours","النصيحة الدائمة من الوالدين للابناء بان الدراسه وتفوقهم تحدد  مستقبلهم",,Arabic,"2026-07-14 13:12:43"
132,Yes,Yes,Bachelor's,Bachelor's,Employed,Employed,Married,"More than 1000 BHD",1,Male,Government,Primary,Sixth,Yes,Yes,No,98.70,100.00,1.30,"3 - 5 hours",,,Arabic,"2026-07-14 14:18:47"
133,Yes,Yes,Bachelor's,Bachelor's,Retired,Retired,Married,"300 – 700 BHD",4,Female,Government,Secondary,Second,Yes,No,No,99.80,99.80,0.00,"3 - 5 hours","لا يوجد","لا يوجد",Arabic,"2026-07-14 14:29:49"
133,Yes,Yes,Bachelor's,Bachelor's,Retired,Retired,Married,"300 – 700 BHD",4,Male,Government,Intermediate,Third,Yes,Yes,No,100.00,100.00,0.00,"3 - 5 hours","لا يوجد","لا يوجد",Arabic,"2026-07-14 14:29:49"
133,Yes,Yes,Bachelor's,Bachelor's,Retired,Retired,Married,"300 – 700 BHD",4,Female,Government,Primary,Sixth,Yes,No,No,99.50,99.80,0.30,"3 - 5 hours","لا يوجد","لا يوجد",Arabic,"2026-07-14 14:29:49"
134,Yes,Yes,Diploma,Diploma,Employed,Employed,Married,"700 – 1000 BHD",4,Female,Government,Secondary,Third,Yes,No,No,78.00,82.00,4.00,"More than 5 hours",,,Arabic,"2026-07-14 14:48:53"
134,Yes,Yes,Diploma,Diploma,Employed,Employed,Married,"700 – 1000 BHD",4,Male,Government,Intermediate,Second,Yes,No,No,96.00,97.00,1.00,"More than 5 hours",,,Arabic,"2026-07-14 14:48:53"
134,Yes,Yes,Diploma,Diploma,Employed,Employed,Married,"700 – 1000 BHD",4,Male,Government,Primary,Sixth,No,No,No,90.00,95.00,5.00,"More than 5 hours",,,Arabic,"2026-07-14 14:48:53"
134,Yes,Yes,Diploma,Diploma,Employed,Employed,Married,"700 – 1000 BHD",4,Female,Government,Primary,Second,Yes,No,No,100.00,99.00,-1.00,"More than 5 hours",,,Arabic,"2026-07-14 14:48:53"
135,Yes,Yes,Intermediate,Diploma,Retired,Unemployed,Married,"300 – 700 BHD",3,Female,Government,Secondary,Third,Yes,No,No,92.00,93.00,1.00,"More than 5 hours","اىاجهزه مثل الهاتف و التاب للعب و ليس التعليم","العاب تعليمه تجذبهم مثل الالعاب التي يلعبونها",Arabic,"2026-07-14 15:00:28"
135,Yes,Yes,Intermediate,Diploma,Retired,Unemployed,Married,"300 – 700 BHD",3,Male,Government,Intermediate,Third,Yes,Yes,No,90.00,90.00,0.00,"3 - 5 hours","اىاجهزه مثل الهاتف و التاب للعب و ليس التعليم","العاب تعليمه تجذبهم مثل الالعاب التي يلعبونها",Arabic,"2026-07-14 15:00:28"
135,Yes,Yes,Intermediate,Diploma,Retired,Unemployed,Married,"300 – 700 BHD",3,Female,Government,Primary,Fifth,Yes,No,No,95.00,98.00,3.00,"More than 5 hours","اىاجهزه مثل الهاتف و التاب للعب و ليس التعليم","العاب تعليمه تجذبهم مثل الالعاب التي يلعبونها",Arabic,"2026-07-14 15:00:28"
136,Yes,Yes,Intermediate,Bachelor's,Retired,Employed,Married,"300 – 700 BHD",2,Male,Government,Secondary,Second,Yes,Yes,No,94.80,97.30,2.50,"3 - 5 hours",,,Arabic,"2026-07-14 15:01:29"
136,Yes,Yes,Intermediate,Bachelor's,Retired,Employed,Married,"300 – 700 BHD",2,Male,Private,Primary,Third,No,Yes,No,100.00,100.00,0.00,"3 - 5 hours",,,Arabic,"2026-07-14 15:01:29"
137,Yes,Yes,Bachelor's,Bachelor's,Employed,Employed,Married,"700 – 1000 BHD",4,Male,Government,Primary,Sixth,Yes,No,Yes,99.70,99.70,0.00,"1 - 3 hours",لا,لا,Arabic,"2026-07-14 15:04:29"
137,Yes,Yes,Bachelor's,Bachelor's,Employed,Employed,Married,"700 – 1000 BHD",4,Female,Government,Primary,Third,Yes,No,No,99.40,99.60,0.20,"1 - 3 hours",لا,لا,Arabic,"2026-07-14 15:04:29"
138,Yes,Yes,Secondary,Secondary,Retired,Unemployed,Married,"Less than 300 BHD",4,Female,Government,Secondary,First,Yes,No,No,92.00,98.45,6.45,"More than 5 hours",لا,,Arabic,"2026-07-14 15:25:24"
139,Yes,Yes,Secondary,Bachelor's,Retired,Employed,Married,"700 – 1000 BHD",3,Female,Government,Secondary,Third,Yes,Yes,Yes,99.20,99.20,0.00,"1 - 3 hours",لا,لا,Arabic,"2026-07-14 15:36:50"
139,Yes,Yes,Secondary,Bachelor's,Retired,Employed,Married,"700 – 1000 BHD",3,Male,Government,Intermediate,First,Yes,Yes,No,99.70,99.30,-0.40,"3 - 5 hours",لا,لا,Arabic,"2026-07-14 15:36:50"
140,Yes,Yes,Secondary,Bachelor's,Retired,Unemployed,Married,"300 – 700 BHD",5,Female,Government,Secondary,Third,Yes,Yes,No,99.00,99.70,0.70,"1 - 3 hours","الظروف الصحية مثل الامراض المزمنة",.,Arabic,"2026-07-14 16:08:51"
140,Yes,Yes,Secondary,Bachelor's,Retired,Unemployed,Married,"300 – 700 BHD",5,Female,Government,Intermediate,Third,No,No,No,95.40,95.80,0.40,"1 - 3 hours","الظروف الصحية مثل الامراض المزمنة",.,Arabic,"2026-07-14 16:08:51"
140,Yes,Yes,Secondary,Bachelor's,Retired,Unemployed,Married,"300 – 700 BHD",5,Female,Government,Intermediate,First,No,No,No,99.20,99.20,0.00,"1 - 3 hours","الظروف الصحية مثل الامراض المزمنة",.,Arabic,"2026-07-14 16:08:51"
140,Yes,Yes,Secondary,Bachelor's,Retired,Unemployed,Married,"300 – 700 BHD",5,Male,Government,Primary,Fourth,No,No,Yes,99.20,99.80,0.60,"1 - 3 hours","الظروف الصحية مثل الامراض المزمنة",.,Arabic,"2026-07-14 16:08:51"
141,Yes,Yes,Bachelor's,Bachelor's,Self-employed,Retired,Married,"700 – 1000 BHD",2,Female,Government,Secondary,Second,Yes,Yes,No,97.50,98.10,0.60,"More than 5 hours",لا,,Arabic,"2026-07-14 16:09:09"
142,Yes,Yes,Bachelor's,Bachelor's,Employed,Unemployed,Married,"300 – 700 BHD",2,Male,Government,Primary,Second,No,No,No,99.00,100.00,1.00,"1 - 3 hours",ال,,Arabic,"2026-07-14 16:33:49"
143,Yes,Yes,Secondary,Diploma,Retired,Employed,Married,"300 – 700 BHD",3,Female,Government,Primary,Fourth,Yes,Yes,No,90.00,95.00,5.00,"3 - 5 hours",,,Arabic,"2026-07-14 17:24:01"
144,Yes,Yes,Diploma,Secondary,Employed,Unemployed,Married,"More than 1000 BHD",2,Male,Government,Secondary,Second,Yes,Yes,No,89.00,90.00,1.00,"3 - 5 hours","لا توجد","لا توجد",Arabic,"2026-07-14 18:19:12"
144,Yes,Yes,Diploma,Secondary,Employed,Unemployed,Married,"More than 1000 BHD",2,Female,Government,Intermediate,First,Yes,Yes,No,97.00,98.00,1.00,"3 - 5 hours","لا توجد","لا توجد",Arabic,"2026-07-14 18:19:12"
145,Yes,Yes,Intermediate,Secondary,Employed,Employed,Married,"Less than 300 BHD",2,Male,Government,Intermediate,Third,No,No,No,78.00,90.00,12.00,"3 - 5 hours",لايوجد,"يرجى الالتفات إلى طلاب صعوبات التعلم ويكون لهم دروس قليلة ومراعاتهم في الامتحانات والدرجات ، ولهم صفوف ومدرسين ، مختلفه عن الدمج مع جميع مستويات الطلاب ، لان يوجد فروق كثيرة واستعياب والانتباه",Arabic,"2026-07-14 19:22:01"
145,Yes,Yes,Intermediate,Secondary,Employed,Employed,Married,"Less than 300 BHD",2,Female,Government,Secondary,Second,Yes,No,No,99.30,99.20,-0.10,"3 - 5 hours",لايوجد,"يرجى الالتفات إلى طلاب صعوبات التعلم ويكون لهم دروس قليلة ومراعاتهم في الامتحانات والدرجات ، ولهم صفوف ومدرسين ، مختلفه عن الدمج مع جميع مستويات الطلاب ، لان يوجد فروق كثيرة واستعياب والانتباه",Arabic,"2026-07-14 19:22:01"
146,Yes,Yes,Intermediate,Bachelor's,Retired,Unemployed,Married,"300 – 700 BHD",4,Female,Government,Secondary,Second,Yes,Yes,No,83.00,84.00,1.00,"3 - 5 hours","تشتت الانتباه والتركيز",,Arabic,"2026-07-14 19:41:27"
147,Yes,Yes,PhD,Master's,Employed,Employed,Married,"More than 1000 BHD",3,Male,Private,Intermediate,Second,No,Yes,No,82.00,86.00,4.00,"3 - 5 hours",لا,لا,Arabic,"2026-07-14 19:57:01"
147,Yes,Yes,PhD,Master's,Employed,Employed,Married,"More than 1000 BHD",3,Female,Private,Intermediate,Second,No,Yes,No,89.00,91.00,2.00,"3 - 5 hours",لا,لا,Arabic,"2026-07-14 19:57:01"
147,Yes,Yes,PhD,Master's,Employed,Employed,Married,"More than 1000 BHD",3,Male,Private,Primary,Sixth,No,Yes,No,94.00,95.00,1.00,"3 - 5 hours",لا,لا,Arabic,"2026-07-14 19:57:01"
148,Yes,Yes,Diploma,Bachelor's,Retired,Retired,Married,"700 – 1000 BHD",6,Female,Government,Intermediate,Second,Yes,No,No,91.00,96.00,5.00,"More than 5 hours",,,Arabic,"2026-07-14 21:32:43"
148,Yes,Yes,Diploma,Bachelor's,Retired,Retired,Married,"700 – 1000 BHD",6,Male,Government,Secondary,Third,No,Yes,No,70.00,75.00,5.00,"More than 5 hours",,,Arabic,"2026-07-14 21:32:43"
148,Yes,Yes,Diploma,Bachelor's,Retired,Retired,Married,"700 – 1000 BHD",6,Male,Government,Primary,Fourth,Yes,Yes,No,88.00,95.00,7.00,"More than 5 hours",,,Arabic,"2026-07-14 21:32:43"
148,Yes,Yes,Diploma,Bachelor's,Retired,Retired,Married,"700 – 1000 BHD",6,Female,Government,Primary,Third,No,Yes,No,88.00,89.00,1.00,"1 - 3 hours",,,Arabic,"2026-07-14 21:32:43"
148,Yes,Yes,Diploma,Bachelor's,Retired,Retired,Married,"700 – 1000 BHD",6,Female,Government,Primary,Third,No,Yes,No,89.00,89.00,0.00,"1 - 3 hours",,,Arabic,"2026-07-14 21:32:43"
149,Yes,Yes,Secondary,Bachelor's,Employed,Employed,Married,"More than 1000 BHD",6,Male,Government,Secondary,Second,Yes,Yes,No,88.00,97.00,9.00,"More than 5 hours","التشجيع والتحفيز من قبل الأهل 
دعاء الوالدين",لايوجد,Arabic,"2026-07-15 00:26:08"
149,Yes,Yes,Secondary,Bachelor's,Employed,Employed,Married,"More than 1000 BHD",6,Male,Government,Intermediate,Third,Yes,Yes,No,88.00,94.00,6.00,"More than 5 hours","التشجيع والتحفيز من قبل الأهل 
دعاء الوالدين",لايوجد,Arabic,"2026-07-15 00:26:08"
149,Yes,Yes,Secondary,Bachelor's,Employed,Employed,Married,"More than 1000 BHD",6,Female,Government,Primary,Sixth,No,Yes,No,97.00,99.00,2.00,"More than 5 hours","التشجيع والتحفيز من قبل الأهل 
دعاء الوالدين",لايوجد,Arabic,"2026-07-15 00:26:08"
150,Yes,Yes,Diploma,Master's,Employed,Employed,Married,"More than 1000 BHD",3,Male,Private,Primary,Sixth,No,Yes,No,96.00,96.00,0.00,"3 - 5 hours",,,Arabic,"2026-07-15 03:10:38"
150,Yes,Yes,Diploma,Master's,Employed,Employed,Married,"More than 1000 BHD",3,Male,Private,Primary,Fourth,No,Yes,No,93.00,93.00,0.00,"3 - 5 hours",,,Arabic,"2026-07-15 03:10:38"
150,Yes,Yes,Diploma,Master's,Employed,Employed,Married,"More than 1000 BHD",3,Female,Private,Primary,First,Yes,Yes,No,80.00,80.00,0.00,"1 - 3 hours",,,Arabic,"2026-07-15 03:10:38"
151,Yes,Yes,Intermediate,Secondary,Retired,Unemployed,Married,"300 – 700 BHD",3,Male,Government,Intermediate,Third,Yes,Yes,No,99.00,99.40,0.40,"3 - 5 hours",,,Arabic,"2026-07-15 07:02:12"
151,Yes,Yes,Intermediate,Secondary,Retired,Unemployed,Married,"300 – 700 BHD",3,Female,Government,Intermediate,Second,Yes,Yes,No,99.00,99.20,0.20,"3 - 5 hours",,,Arabic,"2026-07-15 07:02:12"
151,Yes,Yes,Intermediate,Secondary,Retired,Unemployed,Married,"300 – 700 BHD",3,Female,Government,Primary,First,No,Yes,No,100.00,100.00,0.00,"3 - 5 hours",,,Arabic,"2026-07-15 07:02:12"
152,Yes,Yes,Secondary,Secondary,Retired,Unemployed,Married,"300 – 700 BHD",6,Male,Government,Intermediate,Second,Yes,Yes,No,95.00,98.00,3.00,"1 - 3 hours","بعض الاحيان",لا,Arabic,"2026-07-15 07:19:32"
152,Yes,Yes,Secondary,Secondary,Retired,Unemployed,Married,"300 – 700 BHD",6,Male,Government,Secondary,Second,Yes,Yes,No,86.00,89.00,3.00,"1 - 3 hours","بعض الاحيان",لا,Arabic,"2026-07-15 07:19:32"
153,Yes,Yes,Bachelor's,Bachelor's,Employed,Employed,Married,"700 – 1000 BHD",5,Female,Government,Secondary,Third,Yes,No,Yes,99.00,99.00,0.00,"More than 5 hours",_,-,Arabic,"2026-07-15 07:58:01"
153,Yes,Yes,Bachelor's,Bachelor's,Employed,Employed,Married,"700 – 1000 BHD",5,Male,Government,Intermediate,Second,No,Yes,No,97.00,98.00,1.00,"More than 5 hours",_,-,Arabic,"2026-07-15 07:58:01"
153,Yes,Yes,Bachelor's,Bachelor's,Employed,Employed,Married,"700 – 1000 BHD",5,Female,Government,Primary,Third,No,No,No,99.00,99.00,0.00,"1 - 3 hours",_,-,Arabic,"2026-07-15 07:58:01"
154,Yes,Yes,Bachelor's,Bachelor's,Employed,Unemployed,Married,"More than 1000 BHD",2,Female,Government,Primary,Sixth,No,No,No,99.00,100.00,1.00,"3 - 5 hours",لا,لا,Arabic,"2026-07-15 10:21:09"
154,Yes,Yes,Bachelor's,Bachelor's,Employed,Unemployed,Married,"More than 1000 BHD",2,Male,Government,Primary,Fourth,No,No,No,98.00,99.00,1.00,"3 - 5 hours",لا,لا,Arabic,"2026-07-15 10:21:09"
155,Yes,Yes,Diploma,Diploma,Employed,Unemployed,Married,"300 – 700 BHD",3,Female,Government,Primary,Fifth,Yes,No,No,95.00,95.00,0.00,"1 - 3 hours",,,Arabic,"2026-07-15 14:16:16"
155,Yes,Yes,Diploma,Diploma,Employed,Unemployed,Married,"300 – 700 BHD",3,Male,Government,Primary,Third,Yes,No,Yes,90.00,90.00,0.00,"1 - 3 hours",,,Arabic,"2026-07-15 14:16:16"
156,Yes,Yes,Bachelor's,Secondary,Employed,Unemployed,Married,"More than 1000 BHD",4,Male,Government,Intermediate,First,No,No,No,89.00,99.40,10.40,"More than 5 hours",,,Arabic,"2026-07-15 14:16:32"
157,Yes,Yes,Primary,Secondary,Retired,Unemployed,Married,"300 – 700 BHD",1,Female,Government,Primary,Fifth,No,Yes,No,99.00,99.20,0.20,"3 - 5 hours",الاونلاين,,Arabic,"2026-07-15 14:20:01"
158,Yes,Yes,Bachelor's,Bachelor's,Employed,Employed,Married,"300 – 700 BHD",2,Female,Government,Primary,Fifth,Yes,No,No,98.00,98.00,0.00,"3 - 5 hours",لا,,Arabic,"2026-07-15 14:25:27"
159,Yes,Yes,Diploma,Diploma,Employed,Unemployed,Married,"700 – 1000 BHD",2,Female,Private,Secondary,Second,No,Yes,Yes,99.00,99.00,0.00,"More than 5 hours",,,Arabic,"2026-07-15 14:28:16"
159,Yes,Yes,Diploma,Diploma,Employed,Unemployed,Married,"700 – 1000 BHD",2,Female,Private,Primary,Second,No,Yes,No,100.00,100.00,0.00,"3 - 5 hours",,,Arabic,"2026-07-15 14:28:16"
160,Yes,Yes,Intermediate,Secondary,Retired,Unemployed,Married,"300 – 700 BHD",2,Male,Government,Intermediate,First,Yes,Yes,Yes,96.58,97.58,1.00,"3 - 5 hours",,,Arabic,"2026-07-15 15:05:18"
161,Yes,Yes,Primary,Secondary,Retired,Unemployed,Married,"300 – 700 BHD",4,Male,Government,Intermediate,Third,Yes,No,No,92.00,95.00,3.00,"Less than an hour","المدرس ليه دور كبير في توصيل المعلومه وعلى حسب اداء المدرس",,Arabic,"2026-07-15 15:19:47"
161,Yes,Yes,Primary,Secondary,Retired,Unemployed,Married,"300 – 700 BHD",4,Female,Government,Intermediate,First,Yes,No,No,94.00,95.00,1.00,"Less than an hour","المدرس ليه دور كبير في توصيل المعلومه وعلى حسب اداء المدرس",,Arabic,"2026-07-15 15:19:47"
161,Yes,Yes,Primary,Secondary,Retired,Unemployed,Married,"300 – 700 BHD",4,Female,Government,Primary,Third,Yes,No,No,99.00,99.00,0.00,"Less than an hour","المدرس ليه دور كبير في توصيل المعلومه وعلى حسب اداء المدرس",,Arabic,"2026-07-15 15:19:47"
161,Yes,Yes,Primary,Secondary,Retired,Unemployed,Married,"300 – 700 BHD",4,Male,Government,Primary,Second,Yes,No,No,98.00,98.00,0.00,"Less than an hour","المدرس ليه دور كبير في توصيل المعلومه وعلى حسب اداء المدرس",,Arabic,"2026-07-15 15:19:47"
162,Yes,Yes,Secondary,Bachelor's,Employed,Retired,Married,"700 – 1000 BHD",2,Female,Government,Primary,First,Yes,Yes,No,99.90,99.90,0.00,"3 - 5 hours","الوضع الاقليمي و الوطني 
كثرة الطلاب بالصف الواحد 
تصنيفات الطلاب في الصفوف",,Arabic,"2026-07-15 15:21:05"
163,Yes,Yes,Secondary,Diploma,Retired,Unemployed,Married,"300 – 700 BHD",4,Male,Government,Primary,Second,Yes,No,No,100.00,100.00,0.00,"1 - 3 hours",لا,لا,Arabic,"2026-07-15 15:23:35"
163,Yes,Yes,Secondary,Diploma,Retired,Unemployed,Married,"300 – 700 BHD",4,Female,Government,Secondary,First,Yes,No,No,77.00,87.00,10.00,"3 - 5 hours",لا,لا,Arabic,"2026-07-15 15:23:35"
164,Yes,Yes,Secondary,Diploma,Employed,Unemployed,Married,"300 – 700 BHD",3,Male,Government,Primary,Second,Yes,Yes,Yes,99.75,99.75,0.00,"1 - 3 hours","نعم ، التنمر في المدرسة والبيئة 
ولكنه يبذل قصارى جهده ليتمكن من مواجهة هذا التنمر بعقلانية","أتنمى لو يكون هناك خلق بيئة آمنة للأطفال من كل النواحي في المدرسة",Arabic,"2026-07-15 15:47:30"
164,Yes,Yes,Secondary,Diploma,Employed,Unemployed,Married,"300 – 700 BHD",3,Male,Government,Primary,Fifth,No,Yes,No,98.85,99.75,0.90,"1 - 3 hours","نعم ، التنمر في المدرسة والبيئة 
ولكنه يبذل قصارى جهده ليتمكن من مواجهة هذا التنمر بعقلانية","أتنمى لو يكون هناك خلق بيئة آمنة للأطفال من كل النواحي في المدرسة",Arabic,"2026-07-15 15:47:30"
165,Yes,Yes,Bachelor's,Bachelor's,Employed,Employed,Married,"700 – 1000 BHD",3,Male,Government,Intermediate,First,No,Yes,No,98.00,98.00,0.00,"More than 5 hours",,,Arabic,"2026-07-15 16:34:43"
166,Yes,Yes,Secondary,Diploma,Employed,Employed,Married,"300 – 700 BHD",2,Male,Government,Intermediate,Third,No,Yes,No,0.00,0.00,0.00,"More than 5 hours",نعم,,Arabic,"2026-07-15 20:03:48"
166,Yes,Yes,Secondary,Diploma,Employed,Employed,Married,"300 – 700 BHD",2,Male,Government,Intermediate,First,No,Yes,Yes,0.00,0.00,0.00,"More than 5 hours",نعم,,Arabic,"2026-07-15 20:03:48"
167,Yes,Yes,Diploma,Diploma,Employed,Unemployed,Married,"700 – 1000 BHD",3,Female,Government,Intermediate,First,No,No,No,90.00,90.00,0.00,"3 - 5 hours","التعليم عن بعد بين قوسين التعليم online يؤثر على مستوى الطالب التعليمي ،وايضا قلة المال وعدم دعم الطااب بالدورات الخاصة تؤثر على المستوى التعليمي والاجتماعي .",,Arabic,"2026-07-16 05:19:17"
167,Yes,Yes,Diploma,Diploma,Employed,Unemployed,Married,"700 – 1000 BHD",3,Female,Government,Primary,Fifth,No,No,No,90.00,90.00,0.00,"3 - 5 hours","التعليم عن بعد بين قوسين التعليم online يؤثر على مستوى الطالب التعليمي ،وايضا قلة المال وعدم دعم الطااب بالدورات الخاصة تؤثر على المستوى التعليمي والاجتماعي .",,Arabic,"2026-07-16 05:19:17"
167,Yes,Yes,Diploma,Diploma,Employed,Unemployed,Married,"700 – 1000 BHD",3,Male,Government,Primary,First,No,No,No,95.00,95.00,0.00,"3 - 5 hours","التعليم عن بعد بين قوسين التعليم online يؤثر على مستوى الطالب التعليمي ،وايضا قلة المال وعدم دعم الطااب بالدورات الخاصة تؤثر على المستوى التعليمي والاجتماعي .",,Arabic,"2026-07-16 05:19:17"
168,Yes,Yes,Secondary,Secondary,Retired,Retired,Married,"300 – 700 BHD",1,Female,Government,Secondary,Third,Yes,No,No,98.00,100.00,2.00,"More than 5 hours",,,Arabic,"2026-07-16 06:42:06"
169,Yes,Yes,Diploma,Bachelor's,Employed,Employed,Married,"700 – 1000 BHD",3,Male,Government,Intermediate,Third,No,No,No,97.00,92.00,-5.00,"3 - 5 hours","الدراسة عن بعد، وغياب الوالدين في العمل  وقت الدراسة عن بعد .","لا يوجد",Arabic,"2026-07-16 10:20:17"
169,Yes,Yes,Diploma,Bachelor's,Employed,Employed,Married,"700 – 1000 BHD",3,Female,Government,Primary,Sixth,No,No,No,94.00,94.00,0.00,"3 - 5 hours","الدراسة عن بعد، وغياب الوالدين في العمل  وقت الدراسة عن بعد .","لا يوجد",Arabic,"2026-07-16 10:20:17"
170,Yes,Yes,Secondary,Bachelor's,Retired,Unemployed,Married,"Less than 300 BHD",3,Female,Government,Primary,Fifth,No,No,No,99.00,99.90,0.90,"3 - 5 hours",,,Arabic,"2026-07-16 12:16:02"
170,Yes,Yes,Secondary,Bachelor's,Retired,Unemployed,Married,"Less than 300 BHD",3,Male,Government,Primary,First,No,No,No,90.00,99.90,9.90,"3 - 5 hours",,,Arabic,"2026-07-16 12:16:02"
171,Yes,Yes,Secondary,Diploma,Employed,Employed,Married,"300 – 700 BHD",3,Male,Government,Primary,Fourth,Yes,Yes,No,94.10,97.00,2.90,"3 - 5 hours",لا,,Arabic,"2026-07-16 18:38:58"
172,Yes,Yes,Diploma,Diploma,Employed,Unemployed,Married,"700 – 1000 BHD",4,Female,Government,Intermediate,Third,No,Yes,Yes,93.00,96.00,3.00,"More than 5 hours",,,Arabic,"2026-07-16 22:15:36"
172,Yes,Yes,Diploma,Diploma,Employed,Unemployed,Married,"700 – 1000 BHD",4,Male,Government,Primary,Fourth,No,Yes,Yes,97.10,96.60,-0.50,"1 - 3 hours",,,Arabic,"2026-07-16 22:15:36"
172,Yes,Yes,Diploma,Diploma,Employed,Unemployed,Married,"700 – 1000 BHD",4,Female,Government,Primary,First,No,Yes,Yes,99.00,98.00,-1.00,"1 - 3 hours",,,Arabic,"2026-07-16 22:15:36"
173,Yes,Yes,Secondary,Secondary,Unemployed,Unemployed,Separated,"Less than 300 BHD",2,Male,Government,Primary,First,No,No,Yes,75.38,79.00,3.62,"1 - 3 hours",,,Arabic,"2026-07-17 11:02:48"
173,Yes,Yes,Secondary,Secondary,Unemployed,Unemployed,Separated,"Less than 300 BHD",2,Male,Government,Primary,Second,No,No,No,81.00,87.44,6.44,"1 - 3 hours",,,Arabic,"2026-07-17 11:02:48"
174,Yes,Yes,Secondary,Secondary,Employed,Unemployed,Separated,"Less than 300 BHD",3,Male,Government,Primary,Fourth,No,No,Yes,75.78,77.40,1.62,"3 - 5 hours",,,Arabic,"2026-07-17 11:08:10"
174,Yes,Yes,Secondary,Secondary,Employed,Unemployed,Separated,"Less than 300 BHD",3,Male,Government,Primary,Third,No,No,Yes,81.22,83.89,2.67,"1 - 3 hours",,,Arabic,"2026-07-17 11:08:10"
174,Yes,Yes,Secondary,Secondary,Employed,Unemployed,Separated,"Less than 300 BHD",3,Male,Government,Primary,Fifth,Yes,Yes,Yes,94.50,91.40,-3.10,"1 - 3 hours",,,Arabic,"2026-07-17 11:08:10"
175,Yes,Yes,Secondary,Bachelor's,Retired,Unemployed,Married,"700 – 1000 BHD",4,Male,Government,Primary,Fourth,No,Yes,No,78.00,79.20,1.20,"3 - 5 hours",,,Arabic,"2026-07-17 11:11:36"
175,Yes,Yes,Secondary,Bachelor's,Retired,Unemployed,Married,"700 – 1000 BHD",4,Male,Government,Primary,Second,Yes,No,No,90.00,90.89,0.89,"3 - 5 hours",,,Arabic,"2026-07-17 11:11:36"
176,Yes,Yes,Secondary,Secondary,Retired,Unemployed,Married,"300 – 700 BHD",4,Male,Government,Primary,Third,No,Yes,No,79.44,82.25,2.81,"3 - 5 hours",,,Arabic,"2026-07-17 11:33:12"
176,Yes,Yes,Secondary,Secondary,Retired,Unemployed,Married,"300 – 700 BHD",4,Male,Government,Primary,Sixth,No,No,No,95.10,85.20,-9.90,"1 - 3 hours",,,Arabic,"2026-07-17 11:33:12"
177,Yes,Yes,Bachelor's,Diploma,Retired,Unemployed,Married,"300 – 700 BHD",3,Male,Government,Intermediate,Third,Yes,No,No,97.20,99.20,2.00,"3 - 5 hours",,,Arabic,"2026-07-17 15:33:33"
178,Yes,Yes,Bachelor's,Bachelor's,Employed,Unemployed,Married,"300 – 700 BHD",3,Male,Government,Primary,Fifth,Yes,No,No,94.50,98.00,3.50,"1 - 3 hours","لا يوجد",لا,Arabic,"2026-07-17 15:58:51"
178,Yes,Yes,Bachelor's,Bachelor's,Employed,Unemployed,Married,"300 – 700 BHD",3,Female,Government,Primary,Third,No,No,No,97.00,99.00,2.00,"1 - 3 hours","لا يوجد",لا,Arabic,"2026-07-17 15:58:51"
179,Yes,Yes,Bachelor's,Bachelor's,Employed,Retired,Married,"300 – 700 BHD",3,Male,Government,Secondary,Third,Yes,Yes,No,99.00,99.00,0.00,"3 - 5 hours","لا يوجد","نطالب بمواد المراحل الجامعية .",Arabic,"2026-07-17 16:22:08"
179,Yes,Yes,Bachelor's,Bachelor's,Employed,Retired,Married,"300 – 700 BHD",3,Male,Government,Intermediate,First,Yes,Yes,No,99.80,99.60,-0.20,"1 - 3 hours","لا يوجد","نطالب بمواد المراحل الجامعية .",Arabic,"2026-07-17 16:22:08"
180,No,Yes,Primary,Secondary,Retired,Unemployed,Widow,"300 – 700 BHD",3,Male,Government,Primary,Fourth,No,No,No,80.44,78.70,-1.74,"More than 5 hours",,,Arabic,"2026-07-17 18:46:08"
180,No,Yes,Primary,Secondary,Retired,Unemployed,Widow,"300 – 700 BHD",3,Male,Government,Primary,Fifth,No,No,No,82.60,77.70,-4.90,"3 - 5 hours",,,Arabic,"2026-07-17 18:46:08"
181,Yes,Yes,Secondary,Secondary,Employed,Employed,Married,"700 – 1000 BHD",4,Male,Government,Primary,Fourth,No,No,No,80.56,85.90,5.34,"1 - 3 hours",,,Arabic,"2026-07-17 18:48:42"
181,Yes,Yes,Secondary,Secondary,Employed,Employed,Married,"700 – 1000 BHD",4,Male,Government,Primary,First,No,No,No,89.00,95.22,6.22,"1 - 3 hours",,,Arabic,"2026-07-17 18:48:42"
182,Yes,Yes,Primary,Primary,Retired,Unemployed,Separated,"300 – 700 BHD",5,Male,Government,Primary,Fourth,No,No,No,81.00,80.70,-0.30,"3 - 5 hours",,,Arabic,"2026-07-17 18:51:11"
182,Yes,Yes,Primary,Primary,Retired,Unemployed,Separated,"300 – 700 BHD",5,Male,Government,Primary,Fifth,No,No,No,81.00,78.60,-2.40,"3 - 5 hours",,,Arabic,"2026-07-17 18:51:11"
183,Yes,Yes,Bachelor's,Bachelor's,Employed,Employed,Married,"700 – 1000 BHD",3,Male,Government,Primary,Second,No,No,No,73.89,85.11,11.22,"3 - 5 hours",,,Arabic,"2026-07-17 18:53:02"
184,Yes,Yes,Secondary,Master's,Retired,Employed,Separated,"Less than 300 BHD",3,Male,Government,Primary,Fourth,No,No,No,82.22,82.60,0.38,"3 - 5 hours",,,Arabic,"2026-07-17 18:56:20"
184,Yes,Yes,Secondary,Master's,Retired,Employed,Separated,"Less than 300 BHD",3,Male,Government,Primary,Second,No,No,Yes,86.11,90.78,4.67,"More than 5 hours",,,Arabic,"2026-07-17 18:56:20"
185,Yes,Yes,Intermediate,Secondary,Retired,Unemployed,Married,"Less than 300 BHD",2,Female,Government,Intermediate,Second,Yes,Yes,Yes,82.00,82.00,0.00,"1 - 3 hours",التوحد,,Arabic,"2026-07-17 20:47:43"
186,Yes,Yes,Bachelor's,Bachelor's,Employed,Retired,Married,"More than 1000 BHD",4,Male,Government,Secondary,Second,No,Yes,No,95.00,95.00,0.00,"1 - 3 hours",,,Arabic,"2026-07-18 01:29:29"
186,Yes,Yes,Bachelor's,Bachelor's,Employed,Retired,Married,"More than 1000 BHD",4,Female,Government,Intermediate,First,No,Yes,No,96.00,96.00,0.00,"1 - 3 hours",,,Arabic,"2026-07-18 01:29:29"
187,Yes,Yes,Master's,Bachelor's,Employed,Unemployed,Married,"More than 1000 BHD",2,Female,Government,Primary,Fourth,Yes,Yes,No,99.00,100.00,1.00,"Less than an hour",,,Arabic,"2026-07-18 03:49:32"
188,Yes,Yes,Diploma,Bachelor's,Employed,Unemployed,Married,"700 – 1000 BHD",2,Male,Government,Primary,Fifth,Yes,Yes,No,96.00,98.00,2.00,"1 - 3 hours",,,Arabic,"2026-07-18 11:31:45"
189,Yes,Yes,Diploma,Bachelor's,Employed,Retired,Married,"700 – 1000 BHD",4,Female,Government,Secondary,Second,Yes,Yes,No,99.50,98.70,-0.80,"More than 5 hours","تشجيع المعلمين والبيئة المجيطة",.,Arabic,"2026-07-18 13:49:32"
189,Yes,Yes,Diploma,Bachelor's,Employed,Retired,Married,"700 – 1000 BHD",4,Female,Government,Intermediate,Second,No,Yes,No,99.00,99.00,0.00,"3 - 5 hours","تشجيع المعلمين والبيئة المجيطة",.,Arabic,"2026-07-18 13:49:32"
190,No,Yes,Primary,Secondary,Retired,Unemployed,Widow,"300 – 700 BHD",6,Female,Government,Secondary,Second,No,Yes,Yes,69.50,73.74,4.24,"1 - 3 hours",,,Arabic,"2026-07-18 15:41:53"
